Guid,Name,ProductCode,Description,IsActive,Family,IsSerialized,ExternalId,DisplayUrl,QuantityUnitOfMeasure,StockKeepingUnit,Type,SBQQ__AssetAmendmentBehavior__c,SBQQ__AssetConversion__c,SBQQ__BatchQuantity__c,SBQQ__BillingFrequency__c,SBQQ__BillingType__c,SBQQ__BlockPricingField__c,SBQQ__ChargeType__c,SBQQ__Component__c,SBQQ__CompoundDiscountRate__c,SBQQ__ConfigurationEvent__c,SBQQ__ConfigurationFieldSet__c,SBQQ__ConfigurationFields__c,SBQQ__ConfigurationFormTitle__c,SBQQ__ConfigurationType__c,SBQQ__ConfigurationValidator__c,SBQQ__ConfiguredCodePattern__c,SBQQ__ConfiguredDescriptionPattern__c,SBQQ__CostEditable__c,SBQQ__CustomConfigurationPage__c,SBQQ__CustomConfigurationRequired__c,SBQQ__CustomerCommunityAvailability__c,SBQQ__DefaultPricingTable__c,SBQQ__DefaultQuantity__c,SBQQ__DescriptionLocked__c,SBQQ__DiscountCategory__c,SBQQ__DiscountSchedule__c,SBQQ__DynamicPricingConstraint__c,SBQQ__EnableLargeConfiguration__c,SBQQ__ExcludeFromMaintenance__c,SBQQ__ExcludeFromOpportunity__c,SBQQ__ExternallyConfigurable__c,SBQQ__GenerateContractedPrice__c,SBQQ__HasConfigurationAttributes__c,SBQQ__HasConsumptionSchedule__c,SBQQ__Hidden__c,SBQQ__HidePriceInSearchResults__c,SBQQ__IncludeInMaintenance__c,SBQQ__NewQuoteGroup__c,SBQQ__NonDiscountable__c,SBQQ__NonPartnerDiscountable__c,SBQQ__OptionLayout__c,SBQQ__OptionSelectionMethod__c,SBQQ__Optional__c,SBQQ__PriceEditable__c,SBQQ__PricingMethodEditable__c,SBQQ__PricingMethod__c,SBQQ__ProductPictureID__c,SBQQ__QuantityEditable__c,SBQQ__QuantityScale__c,SBQQ__ReconfigurationDisabled__c,SBQQ__RenewalProduct__c,SBQQ__SortOrder__c,SBQQ__Specifications__c,SBQQ__SubscriptionBase__c,SBQQ__SubscriptionCategory__c,SBQQ__SubscriptionPercent__c,SBQQ__SubscriptionPricing__c,SBQQ__SubscriptionTarget__c,SBQQ__SubscriptionTerm__c,SBQQ__SubscriptionType__c,SBQQ__TaxCode__c,SBQQ__Taxable__c,SBQQ__TermDiscountLevel__c,SBQQ__TermDiscountSchedule__c,SBQQ__UpgradeCredit__c,SBQQ__UpgradeRatio__c,SBQQ__UpgradeSource__c,SBQQ__UpgradeTarget__c
00838731-2663-43ce-83f8-bcfe0c03fb1b,Enterprise Security Firewall,N3,Enterprise Security Firewall,true,Network,false,#N/A,#N/A,#N/A,#N/A,#N/A,#N/A,#N/A,#N/A,#N/A,#N/A,#N/A,#N/A,false,#N/A,#N/A,#N/A,#N/A,#N/A,#N/A,#N/A,#N/A,#N/A,false,#N/A,false,#N/A,#N/A,100.0,false,#N/A,#N/A,#N/A,false,false,false,false,#N/A,false,false,false,false,false,false,false,false,#N/A,#N/A,false,false,false,#N/A,015Hs000004ePeT,true,#N/A,false,#N/A,#N/A,#N/A,#N/A,#N/A,#N/A,#N/A,#N/A,#N/A,#N/A,#N/A,false,#N/A,#N/A,#N/A,#N/A,#N/A,#N/A
016b4ec2-28a8-4542-94a6-873b273013af,Keurig® K-2500® Plumbed Commercial Coffee Maker,EQP-OT-5,A high capacity coffee maker designed for continuous use with direct water line plumbing.,false,EQP,false,#N/A,#N/A,#N/A,#N/A,#N/A,Default,One per quote line,#N/A,#N/A,#N/A,Quantity,#N/A,false,#N/A,#N/A,#N/A,#N/A,#N/A,#N/A,#N/A,#N/A,#N/A,false,#N/A,false,#N/A,#N/A,1.0,false,#N/A,#N/A,#N/A,false,false,false,false,#N/A,false,false,false,false,false,false,false,false,#N/A,Click,false,false,false,List,#N/A,true,#N/A,false,#N/A,#N/A,#N/A,List,#N/A,#N/A,#N/A,#N/A,#N/A,One-time,#N/A,false,#N/A,#N/A,#N/A,#N/A,#N/A,#N/A
031e414f-6271-4304-8640-7ecbef62213c,Org-to-Org Orange Syrup,POP-R-6,10 Gallon Bag in Box Syrup- Recurring,false,BEV,false,#N/A,#N/A,#N/A,#N/A,#N/A,Default,One per quote line,#N/A,#N/A,#N/A,Quantity,#N/A,false,#N/A,#N/A,#N/A,#N/A,#N/A,#N/A,#N/A,#N/A,#N/A,false,#N/A,false,#N/A,#N/A,1.0,false,#N/A,#N/A,#N/A,false,false,false,false,#N/A,false,false,false,false,false,false,false,false,#N/A,Click,false,false,false,List,#N/A,true,#N/A,false,#N/A,#N/A,#N/A,List,#N/A,#N/A,Fixed Price,#N/A,1.0,Renewable,#N/A,false,#N/A,#N/A,#N/A,#N/A,#N/A,#N/A
040e39d9-e79e-447f-8f17-f8921e9a6231,100' Roll of 10 Line Bundled Tubing,EQP-OT-3,"Consists of 10 lines bundled together
Each line is 3/8"" in diameter
Roll contains 100' of bundled tubing",false,EQP,false,#N/A,#N/A,#N/A,#N/A,#N/A,Default,One per quote line,#N/A,#N/A,#N/A,Quantity,#N/A,false,#N/A,#N/A,#N/A,#N/A,#N/A,#N/A,#N/A,#N/A,#N/A,false,#N/A,false,#N/A,#N/A,1.0,false,#N/A,#N/A,#N/A,false,false,false,false,#N/A,false,false,false,false,false,false,false,false,#N/A,Click,false,false,false,List,#N/A,true,#N/A,false,#N/A,#N/A,#N/A,List,#N/A,#N/A,#N/A,#N/A,#N/A,One-time,#N/A,false,#N/A,#N/A,#N/A,#N/A,#N/A,#N/A
0ad4382b-58fe-40f2-8a9d-562ee4ec3398,Declarative Decaf,COF-OT-2,1 24-count Box of K-Cups Pods- One time,false,BEV,false,#N/A,#N/A,#N/A,#N/A,#N/A,Default,One per quote line,#N/A,#N/A,#N/A,Quantity,#N/A,false,#N/A,#N/A,#N/A,#N/A,#N/A,#N/A,#N/A,#N/A,#N/A,false,#N/A,false,#N/A,#N/A,1.0,false,#N/A,#N/A,#N/A,false,false,false,false,#N/A,false,false,false,false,false,false,false,false,#N/A,Click,false,false,false,List,#N/A,true,#N/A,false,#N/A,#N/A,#N/A,List,#N/A,#N/A,#N/A,#N/A,#N/A,One-time,#N/A,false,#N/A,#N/A,#N/A,#N/A,#N/A,#N/A
0d0d76bb-0533-4e1d-8bf5-214e30610ec3,1-5 User Training,T0,1-5 User Training,true,Training,false,#N/A,#N/A,#N/A,#N/A,#N/A,Default,One per quote line,#N/A,#N/A,#N/A,Quantity,#N/A,false,#N/A,#N/A,#N/A,#N/A,#N/A,#N/A,#N/A,#N/A,#N/A,false,#N/A,false,#N/A,#N/A,1.0,false,#N/A,#N/A,#N/A,false,false,false,false,#N/A,false,false,false,false,false,false,false,false,#N/A,Click,false,false,false,List,015Hs000004ePeQ,true,#N/A,false,#N/A,#N/A,#N/A,List,#N/A,#N/A,#N/A,#N/A,#N/A,Renewable,#N/A,false,#N/A,#N/A,#N/A,#N/A,#N/A,#N/A
0eea6f32-617f-4178-b1ed-d4e4f37cfaad,Fastflow Carbonator,EQP-OT-2,"Forces CO2 into water to create carbonation for sodas
No need to turn off CO2 or water to service; maintain electronics without depressurizing the tank
115V, 1/3 hp, 1725 RPM motor",false,EQP,false,#N/A,#N/A,#N/A,#N/A,#N/A,Default,One per quote line,#N/A,#N/A,#N/A,Quantity,#N/A,false,#N/A,#N/A,#N/A,#N/A,#N/A,#N/A,#N/A,#N/A,#N/A,false,#N/A,false,#N/A,#N/A,1.0,false,#N/A,#N/A,#N/A,false,false,false,false,#N/A,false,false,false,false,false,false,false,false,#N/A,Click,false,false,false,List,#N/A,true,#N/A,false,#N/A,#N/A,#N/A,List,#N/A,#N/A,#N/A,#N/A,#N/A,One-time,#N/A,false,#N/A,#N/A,#N/A,#N/A,#N/A,#N/A
0f2060b7-f87a-46c1-8bf0-d7c1bfe80ec5,Vulnerability Testing: Omega,VT1,Vulnerability Testing: Omega,true,Professional Services,false,#N/A,#N/A,#N/A,#N/A,#N/A,#N/A,#N/A,#N/A,#N/A,#N/A,#N/A,#N/A,false,#N/A,#N/A,#N/A,#N/A,#N/A,#N/A,#N/A,#N/A,#N/A,false,#N/A,false,#N/A,#N/A,1.0,false,#N/A,#N/A,#N/A,false,false,false,false,#N/A,false,false,false,false,false,false,false,false,#N/A,#N/A,false,false,false,#N/A,015Hs000004ePeW,true,#N/A,false,#N/A,#N/A,#N/A,#N/A,#N/A,#N/A,#N/A,#N/A,#N/A,#N/A,#N/A,false,#N/A,#N/A,#N/A,#N/A,#N/A,#N/A
0f6ceaa7-3450-4710-9892-6ed60558b5e5,Dr. Prod Syrup,POP-R-2,6 Gallon Bag in Box Syrup- Recurring,false,BEV,false,#N/A,#N/A,#N/A,#N/A,#N/A,Default,One per quote line,#N/A,#N/A,#N/A,Quantity,#N/A,false,#N/A,#N/A,#N/A,#N/A,#N/A,#N/A,#N/A,#N/A,#N/A,false,#N/A,false,#N/A,#N/A,1.0,false,#N/A,#N/A,#N/A,false,false,false,false,#N/A,false,false,false,false,false,false,false,false,#N/A,Click,false,false,false,List,#N/A,true,#N/A,false,#N/A,#N/A,#N/A,List,#N/A,#N/A,Fixed Price,#N/A,1.0,Renewable,#N/A,false,#N/A,#N/A,#N/A,#N/A,#N/A,#N/A
0facf15a-126e-4ee9-a490-02418243651e,Business Cloud Storage,CS2,Business Cloud Storage,true,Cloud Storage,false,#N/A,#N/A,#N/A,#N/A,#N/A,Default,One per quote line,#N/A,#N/A,#N/A,Quantity,#N/A,false,#N/A,#N/A,#N/A,#N/A,#N/A,#N/A,#N/A,#N/A,#N/A,false,#N/A,false,#N/A,#N/A,1.0,false,#N/A,#N/A,#N/A,false,false,false,false,#N/A,false,false,false,false,false,false,false,false,#N/A,Click,false,false,false,List,015Hs000004ePeU,true,#N/A,false,#N/A,#N/A,#N/A,List,#N/A,#N/A,#N/A,#N/A,#N/A,Renewable,#N/A,false,#N/A,#N/A,#N/A,#N/A,#N/A,#N/A
12cf2b4a-a0d8-4f75-9151-c6ab5c7a2c9f,Coffee Starter Bundle,CSB-B,#N/A,true,#N/A,false,#N/A,#N/A,#N/A,#N/A,#N/A,Default,One per quote line,#N/A,#N/A,#N/A,Quantity,#N/A,false,#N/A,Always,#N/A,#N/A,#N/A,Required,#N/A,#N/A,#N/A,false,#N/A,false,#N/A,#N/A,1.0,false,#N/A,#N/A,#N/A,false,false,false,false,#N/A,false,false,false,false,false,false,false,false,#N/A,Click,false,false,false,List,#N/A,true,#N/A,false,#N/A,#N/A,#N/A,List,#N/A,#N/A,#N/A,#N/A,#N/A,One-time,#N/A,false,#N/A,#N/A,#N/A,#N/A,#N/A,#N/A
135f29b2-c348-4152-a5ac-a288987c46b9,Release Root Beer Syrup,POP-R-7,11 Gallon Bag in Box Syrup- Recurring,false,BEV,false,#N/A,#N/A,#N/A,#N/A,#N/A,Default,One per quote line,#N/A,#N/A,#N/A,Quantity,#N/A,false,#N/A,#N/A,#N/A,#N/A,#N/A,#N/A,#N/A,#N/A,#N/A,false,#N/A,false,#N/A,#N/A,1.0,false,#N/A,#N/A,#N/A,false,false,false,false,#N/A,false,false,false,false,false,false,false,false,#N/A,Click,false,false,false,List,#N/A,true,#N/A,false,#N/A,#N/A,#N/A,List,#N/A,#N/A,Fixed Price,#N/A,1.0,Renewable,#N/A,false,#N/A,#N/A,#N/A,#N/A,#N/A,#N/A
144b8949-4d19-4acd-9f66-77579cb9419d,Low-Code Lemon-Lime Syrup,POP-R-4,8 Gallon Bag in Box Syrup- Recurring,false,BEV,false,#N/A,#N/A,#N/A,#N/A,#N/A,Default,One per quote line,#N/A,#N/A,#N/A,Quantity,#N/A,false,#N/A,#N/A,#N/A,#N/A,#N/A,#N/A,#N/A,#N/A,#N/A,false,#N/A,false,#N/A,#N/A,1.0,false,#N/A,#N/A,#N/A,false,false,false,false,#N/A,false,false,false,false,false,false,false,false,#N/A,Click,false,false,false,List,#N/A,true,#N/A,false,#N/A,#N/A,#N/A,List,#N/A,#N/A,Fixed Price,#N/A,1.0,Renewable,#N/A,false,#N/A,#N/A,#N/A,#N/A,#N/A,#N/A
1508129d-8de6-4b61-a1a2-ee973f02bf0f,Change Management Mocha,COF-R-5,1 24-count Box of K-Cups Pods- Recurring,false,BEV,false,#N/A,#N/A,#N/A,#N/A,#N/A,Default,One per quote line,#N/A,#N/A,#N/A,Quantity,#N/A,false,#N/A,#N/A,#N/A,#N/A,#N/A,#N/A,#N/A,#N/A,#N/A,false,#N/A,false,#N/A,#N/A,1.0,false,#N/A,#N/A,#N/A,false,false,false,false,#N/A,false,false,false,false,false,false,false,false,#N/A,Click,false,false,false,List,#N/A,true,#N/A,false,#N/A,#N/A,#N/A,List,#N/A,#N/A,Fixed Price,#N/A,1.0,Renewable,#N/A,false,#N/A,#N/A,#N/A,#N/A,#N/A,#N/A
1604a2b4-7449-4888-8510-cca2ddbc1f34,Keurig® K150P - Plumbed Commercial Coffee Maker,EQP-OT-4,"Fully programmable coffee maker with an interactive touch-screen that allows for a customizable brewing experience.
Includes Direct Plumb Kit Accessory",false,EQP,false,#N/A,#N/A,#N/A,#N/A,#N/A,Default,One per quote line,#N/A,#N/A,#N/A,Quantity,#N/A,false,#N/A,#N/A,#N/A,#N/A,#N/A,#N/A,#N/A,#N/A,#N/A,false,#N/A,false,#N/A,#N/A,1.0,false,#N/A,#N/A,#N/A,false,false,false,false,#N/A,false,false,false,false,false,false,false,false,#N/A,Click,false,false,false,List,#N/A,true,#N/A,false,#N/A,#N/A,#N/A,List,#N/A,#N/A,#N/A,#N/A,#N/A,One-time,#N/A,false,#N/A,#N/A,#N/A,#N/A,#N/A,#N/A
194fc4f1-e747-4ea3-b6d7-5864c0c9184b,Org-to-Org Orange Syrup,POP-OT-6,10 Gallon Bag in Box Syrup- One time,false,BEV,false,#N/A,#N/A,#N/A,#N/A,#N/A,Default,One per quote line,#N/A,#N/A,#N/A,Quantity,#N/A,false,#N/A,#N/A,#N/A,#N/A,#N/A,#N/A,#N/A,#N/A,#N/A,false,#N/A,false,#N/A,#N/A,1.0,false,#N/A,#N/A,#N/A,false,false,false,false,#N/A,false,false,false,false,false,false,false,false,#N/A,Click,false,false,false,List,#N/A,true,#N/A,false,#N/A,#N/A,#N/A,List,#N/A,#N/A,#N/A,#N/A,#N/A,One-time,#N/A,false,#N/A,#N/A,#N/A,#N/A,#N/A,#N/A
1d691d74-bffe-484e-ba62-a2e786d57b21,Version Control Cappuccino,COF-OT-7,1 24-count Box of K-Cups Pods- One time,false,BEV,false,#N/A,#N/A,#N/A,#N/A,#N/A,Default,One per quote line,#N/A,#N/A,#N/A,Quantity,#N/A,false,#N/A,#N/A,#N/A,#N/A,#N/A,#N/A,#N/A,#N/A,#N/A,false,#N/A,false,#N/A,#N/A,1.0,false,#N/A,#N/A,#N/A,false,false,false,false,#N/A,false,false,false,false,false,false,false,false,#N/A,Click,false,false,false,List,#N/A,true,#N/A,false,#N/A,#N/A,#N/A,List,#N/A,#N/A,#N/A,#N/A,#N/A,Renewable,#N/A,false,#N/A,#N/A,#N/A,#N/A,#N/A,#N/A
1db8feb3-5dd6-419f-ad03-b9bff5e0213b,Personal Password Vault,PV1,Personal Password Vault,true,Password Vault,false,#N/A,#N/A,#N/A,#N/A,#N/A,Default,One per quote line,#N/A,#N/A,#N/A,Quantity,#N/A,false,#N/A,#N/A,#N/A,#N/A,#N/A,#N/A,#N/A,#N/A,#N/A,false,#N/A,false,#N/A,#N/A,10.0,false,#N/A,#N/A,#N/A,false,false,false,false,#N/A,false,false,false,false,false,false,false,false,#N/A,Click,false,false,false,List,015Hs000004ePea,true,#N/A,false,#N/A,#N/A,#N/A,List,#N/A,#N/A,#N/A,#N/A,#N/A,Renewable,#N/A,false,#N/A,#N/A,#N/A,#N/A,#N/A,#N/A
1dfecd97-59f2-4d3c-aab4-f815104335ad,Keurig® K-2500® Plumbed Commercial Coffee Maker,EQP-OT-5,A high capacity coffee maker designed for continuous use with direct water line plumbing.,false,EQP,false,#N/A,#N/A,#N/A,#N/A,#N/A,Default,One per quote line,#N/A,#N/A,#N/A,Quantity,#N/A,false,#N/A,#N/A,#N/A,#N/A,#N/A,#N/A,#N/A,#N/A,#N/A,false,#N/A,false,#N/A,#N/A,1.0,false,#N/A,#N/A,#N/A,false,false,false,false,#N/A,false,false,false,false,false,false,false,false,#N/A,Click,false,false,false,List,#N/A,true,#N/A,false,#N/A,#N/A,#N/A,List,#N/A,#N/A,#N/A,#N/A,#N/A,One-time,#N/A,false,#N/A,#N/A,#N/A,#N/A,#N/A,#N/A
1f480779-8813-4987-88e7-3a976370c7fc,Company Wide Training,T4,Company Wide Training,true,Training,false,#N/A,#N/A,#N/A,#N/A,#N/A,#N/A,#N/A,#N/A,#N/A,#N/A,#N/A,#N/A,false,#N/A,#N/A,#N/A,#N/A,#N/A,#N/A,#N/A,#N/A,#N/A,false,#N/A,false,#N/A,#N/A,1.0,false,#N/A,#N/A,#N/A,false,false,false,false,#N/A,false,false,false,false,false,false,false,false,#N/A,#N/A,false,false,false,#N/A,015Hs000004ePeQ,true,#N/A,false,#N/A,#N/A,#N/A,#N/A,#N/A,#N/A,#N/A,#N/A,#N/A,#N/A,#N/A,false,#N/A,#N/A,#N/A,#N/A,#N/A,#N/A
210a88c1-f8a2-4fff-b239-566b4e6df823,Org-to-Org Orange Syrup,POP-R-6,10 Gallon Bag in Box Syrup- Recurring,false,BEV,false,#N/A,#N/A,#N/A,#N/A,#N/A,Default,One per quote line,#N/A,#N/A,#N/A,Quantity,#N/A,false,#N/A,#N/A,#N/A,#N/A,#N/A,#N/A,#N/A,#N/A,#N/A,false,#N/A,false,#N/A,#N/A,1.0,false,#N/A,#N/A,#N/A,false,false,false,false,#N/A,false,false,false,false,false,false,false,false,#N/A,Click,false,false,false,List,#N/A,true,#N/A,false,#N/A,#N/A,#N/A,List,#N/A,#N/A,Fixed Price,#N/A,1.0,Renewable,#N/A,false,#N/A,#N/A,#N/A,#N/A,#N/A,#N/A
21f43ad8-39b0-4fe8-aee9-6f4ec5e75440,On-Site Implementation Support,IS2,On-Site Implementation Support,true,Implementation Services,false,#N/A,#N/A,#N/A,#N/A,#N/A,Default,One per quote line,#N/A,#N/A,#N/A,Quantity,#N/A,false,#N/A,#N/A,#N/A,#N/A,#N/A,#N/A,#N/A,#N/A,#N/A,false,#N/A,false,#N/A,#N/A,1.0,false,#N/A,#N/A,#N/A,false,false,false,false,#N/A,false,false,false,false,false,false,false,false,#N/A,Click,false,false,false,List,015Hs000004ePeO,true,#N/A,false,#N/A,#N/A,#N/A,List,#N/A,#N/A,#N/A,#N/A,#N/A,Renewable,#N/A,false,#N/A,#N/A,#N/A,#N/A,#N/A,#N/A
233bb9ee-92c2-4c35-9774-421a9a986ef1,Deployment Dark Roast,COF-OT-4,1 24-count Box of K-Cups Pods- One time,false,BEV,false,#N/A,#N/A,#N/A,#N/A,#N/A,Default,One per quote line,#N/A,#N/A,#N/A,Quantity,#N/A,false,#N/A,#N/A,#N/A,#N/A,#N/A,#N/A,#N/A,#N/A,#N/A,false,#N/A,false,#N/A,#N/A,1.0,false,#N/A,#N/A,#N/A,false,false,false,false,#N/A,false,false,false,false,false,false,false,false,#N/A,Click,false,false,false,List,#N/A,true,#N/A,false,#N/A,#N/A,#N/A,List,#N/A,#N/A,#N/A,#N/A,#N/A,One-time,#N/A,false,#N/A,#N/A,#N/A,#N/A,#N/A,#N/A
27ca9fda-d3a9-49da-b74b-4e23e758431f,Dr. Prod Syrup,POP-OT-2,6 Gallon Bag in Box Syrup- One time,false,BEV,false,#N/A,#N/A,#N/A,#N/A,#N/A,Default,One per quote line,#N/A,#N/A,#N/A,Quantity,#N/A,false,#N/A,#N/A,#N/A,#N/A,#N/A,#N/A,#N/A,#N/A,#N/A,false,#N/A,false,#N/A,#N/A,1.0,false,#N/A,#N/A,#N/A,false,false,false,false,#N/A,false,false,false,false,false,false,false,false,#N/A,Click,false,false,false,List,#N/A,true,#N/A,false,#N/A,#N/A,#N/A,List,#N/A,#N/A,#N/A,#N/A,#N/A,One-time,#N/A,false,#N/A,#N/A,#N/A,#N/A,#N/A,#N/A
28c030ff-86a5-4dc2-af53-cdfeb5f57424,Best Sellers Varieties Curated Collection,COF-R-1,8 24-count Boxes of our best selling blends.- Recurring,false,BEV,false,#N/A,#N/A,#N/A,#N/A,#N/A,Default,One per quote line,#N/A,#N/A,#N/A,Quantity,#N/A,false,#N/A,#N/A,#N/A,#N/A,#N/A,#N/A,#N/A,#N/A,#N/A,false,#N/A,false,#N/A,#N/A,1.0,false,#N/A,#N/A,#N/A,false,false,false,false,#N/A,false,false,false,false,false,false,false,false,#N/A,Click,false,false,false,List,#N/A,true,#N/A,false,#N/A,#N/A,#N/A,List,#N/A,#N/A,Fixed Price,#N/A,1.0,Renewable,#N/A,false,#N/A,#N/A,#N/A,#N/A,#N/A,#N/A
2aebb314-9025-4bf3-be30-4459c44af1c3,Declarative Decaf,COF-R-2,1 24-count Box of K-Cups Pods- Recurring,false,BEV,false,#N/A,#N/A,#N/A,#N/A,#N/A,Default,One per quote line,#N/A,#N/A,#N/A,Quantity,#N/A,false,#N/A,#N/A,#N/A,#N/A,#N/A,#N/A,#N/A,#N/A,#N/A,false,#N/A,false,#N/A,#N/A,1.0,false,#N/A,#N/A,#N/A,false,false,false,false,#N/A,false,false,false,false,false,false,false,false,#N/A,Click,false,false,false,List,#N/A,true,#N/A,false,#N/A,#N/A,#N/A,List,#N/A,#N/A,Fixed Price,#N/A,1.0,Renewable,#N/A,false,#N/A,#N/A,#N/A,#N/A,#N/A,#N/A
2b0e589c-c02c-4c76-a0ce-24f8f75240c9,Best Sellers Varieties Curated Collection,COF-OT-1,8 24-count Boxes of our best selling blends.- One time,false,BEV,false,#N/A,#N/A,#N/A,#N/A,#N/A,Default,One per quote line,#N/A,#N/A,#N/A,Quantity,#N/A,false,#N/A,#N/A,#N/A,#N/A,#N/A,#N/A,#N/A,#N/A,#N/A,false,#N/A,false,#N/A,#N/A,1.0,false,#N/A,#N/A,#N/A,false,false,false,false,#N/A,false,false,false,false,false,false,false,false,#N/A,Click,false,false,false,List,#N/A,true,#N/A,false,#N/A,#N/A,#N/A,List,#N/A,#N/A,#N/A,#N/A,#N/A,One-time,#N/A,false,#N/A,#N/A,#N/A,#N/A,#N/A,#N/A
2b46e898-4b43-4a7c-9587-8615b092a811,KCup Recycling Program,SRV-R-1,"K-Cycle™ bins are bundled in packs of five (5), for offices that brew 24 K-Cup® pods or more a day - 450 K-Cup® pods per bin. Single bins are not available.- Recurring
 
EACH BIN INCLUDES
1. Pre-paid UPS return label affixed to bin
2. Pre-affixed bag and zip tie seal for brewed K-Cup® pod collection",false,SRV,false,#N/A,#N/A,#N/A,#N/A,#N/A,Default,One per quote line,#N/A,#N/A,#N/A,Quantity,#N/A,true,#N/A,#N/A,#N/A,#N/A,#N/A,#N/A,#N/A,#N/A,#N/A,false,#N/A,false,#N/A,#N/A,1.0,false,#N/A,#N/A,#N/A,false,false,false,false,#N/A,false,false,false,false,false,false,false,false,#N/A,Click,false,false,false,List,#N/A,true,#N/A,false,#N/A,#N/A,#N/A,List,#N/A,#N/A,Fixed Price,#N/A,1.0,Renewable,#N/A,false,#N/A,#N/A,#N/A,#N/A,#N/A,#N/A
2da9cd91-a7d2-4787-94bb-947bcf8c3a10,Additional Cloud Storage,CS6,Additional Cloud Storage,true,Cloud Storage,false,#N/A,#N/A,#N/A,#N/A,#N/A,#N/A,#N/A,#N/A,#N/A,#N/A,#N/A,#N/A,false,#N/A,#N/A,#N/A,#N/A,#N/A,#N/A,#N/A,#N/A,#N/A,false,#N/A,false,#N/A,#N/A,5.0,false,#N/A,#N/A,#N/A,false,false,false,false,#N/A,false,false,false,false,false,false,false,false,#N/A,#N/A,false,false,false,#N/A,015Hs000004ePeU,true,#N/A,false,#N/A,#N/A,#N/A,#N/A,#N/A,#N/A,#N/A,#N/A,#N/A,#N/A,#N/A,false,#N/A,#N/A,#N/A,#N/A,#N/A,#N/A
2ffb4fa5-9cb9-45e7-a649-e9fe17fab4b8,Agile Ginger Ale Syrup,POP-OT-8,12 Gallon Bag in Box Syrup- One time,false,BEV,false,#N/A,#N/A,#N/A,#N/A,#N/A,Default,One per quote line,#N/A,#N/A,#N/A,Quantity,#N/A,false,#N/A,#N/A,#N/A,#N/A,#N/A,#N/A,#N/A,#N/A,#N/A,false,#N/A,false,#N/A,#N/A,1.0,false,#N/A,#N/A,#N/A,false,false,false,false,#N/A,false,false,false,false,false,false,false,false,#N/A,Click,false,false,false,List,#N/A,true,#N/A,false,#N/A,#N/A,#N/A,List,#N/A,#N/A,#N/A,#N/A,#N/A,One-time,#N/A,false,#N/A,#N/A,#N/A,#N/A,#N/A,#N/A
3138a25a-2ab5-4ffb-9d6a-46f66ca6bb69,Go-Live Grape Syrup,POP-OT-5,9 Gallon Bag in Box Syrup- One time,false,BEV,false,#N/A,#N/A,#N/A,#N/A,#N/A,Default,One per quote line,#N/A,#N/A,#N/A,Quantity,#N/A,false,#N/A,#N/A,#N/A,#N/A,#N/A,#N/A,#N/A,#N/A,#N/A,false,#N/A,false,#N/A,#N/A,1.0,false,#N/A,#N/A,#N/A,false,false,false,false,#N/A,false,false,false,false,false,false,false,false,#N/A,Click,false,false,false,List,#N/A,true,#N/A,false,#N/A,#N/A,#N/A,List,#N/A,#N/A,#N/A,#N/A,#N/A,One-time,#N/A,false,#N/A,#N/A,#N/A,#N/A,#N/A,#N/A
3242c583-0c01-4492-b8a2-747e3f4c9844,Go-Live Grape Syrup,POP-OT-5,9 Gallon Bag in Box Syrup- One time,false,BEV,false,#N/A,#N/A,#N/A,#N/A,#N/A,Default,One per quote line,#N/A,#N/A,#N/A,Quantity,#N/A,false,#N/A,#N/A,#N/A,#N/A,#N/A,#N/A,#N/A,#N/A,#N/A,false,#N/A,false,#N/A,#N/A,1.0,false,#N/A,#N/A,#N/A,false,false,false,false,#N/A,false,false,false,false,false,false,false,false,#N/A,Click,false,false,false,List,#N/A,true,#N/A,false,#N/A,#N/A,#N/A,List,#N/A,#N/A,#N/A,#N/A,#N/A,One-time,#N/A,false,#N/A,#N/A,#N/A,#N/A,#N/A,#N/A
326110e4-985d-46c0-b5d1-24d3c4bd9f1d,Business Password Vault,PV2,Business Password Vault,true,Password Vault,false,#N/A,#N/A,#N/A,#N/A,#N/A,#N/A,#N/A,#N/A,#N/A,#N/A,#N/A,#N/A,false,#N/A,#N/A,#N/A,#N/A,#N/A,#N/A,#N/A,#N/A,#N/A,false,#N/A,false,#N/A,#N/A,50.0,false,#N/A,#N/A,#N/A,false,false,false,false,#N/A,false,false,false,false,false,false,false,false,#N/A,#N/A,false,false,false,#N/A,015Hs000004ePea,true,#N/A,false,#N/A,#N/A,#N/A,#N/A,#N/A,#N/A,#N/A,#N/A,#N/A,#N/A,#N/A,false,#N/A,#N/A,#N/A,#N/A,#N/A,#N/A
32e4fd5b-029c-4534-897a-9ff60f9dcfb9,Customized Implementation,IS3,Customized Implementation,true,Implementation Services,false,#N/A,#N/A,#N/A,#N/A,#N/A,Default,One per quote line,#N/A,#N/A,#N/A,Quantity,#N/A,false,#N/A,#N/A,#N/A,#N/A,#N/A,#N/A,#N/A,#N/A,#N/A,false,#N/A,false,#N/A,#N/A,1.0,false,#N/A,#N/A,#N/A,false,false,false,false,#N/A,false,false,false,false,false,false,false,false,#N/A,Click,false,false,false,List,015Hs000004ePeO,true,#N/A,false,#N/A,#N/A,#N/A,List,#N/A,#N/A,#N/A,#N/A,#N/A,Renewable,#N/A,false,#N/A,#N/A,#N/A,#N/A,#N/A,#N/A
34caa3e2-7823-4c54-ac06-2910d93d739a,10 Valve Push Button Countertop Ice/Beverage Dispenser,EQP-OT-1,"10 Flomatic valves to dispense an assortment of beverages. 
Ice dispenser holds 200lb of ice.",false,EQP,false,#N/A,#N/A,#N/A,#N/A,#N/A,Default,One per quote line,#N/A,#N/A,#N/A,Quantity,#N/A,false,#N/A,#N/A,#N/A,#N/A,#N/A,#N/A,#N/A,#N/A,#N/A,false,#N/A,false,#N/A,#N/A,1.0,false,#N/A,#N/A,#N/A,false,false,false,false,#N/A,false,false,false,false,false,false,false,false,#N/A,Click,false,false,false,List,#N/A,true,#N/A,false,#N/A,#N/A,#N/A,List,#N/A,#N/A,#N/A,#N/A,#N/A,One-time,#N/A,false,#N/A,#N/A,#N/A,#N/A,#N/A,#N/A
38008cb8-3c5b-4df3-bb94-737636a35733,Agile Ginger Ale Syrup,POP-OT-8,12 Gallon Bag in Box Syrup- One time,false,BEV,false,#N/A,#N/A,#N/A,#N/A,#N/A,Default,One per quote line,#N/A,#N/A,#N/A,Quantity,#N/A,false,#N/A,#N/A,#N/A,#N/A,#N/A,#N/A,#N/A,#N/A,#N/A,false,#N/A,false,#N/A,#N/A,1.0,false,#N/A,#N/A,#N/A,false,false,false,false,#N/A,false,false,false,false,false,false,false,false,#N/A,Click,false,false,false,List,#N/A,true,#N/A,false,#N/A,#N/A,#N/A,List,#N/A,#N/A,#N/A,#N/A,#N/A,One-time,#N/A,false,#N/A,#N/A,#N/A,#N/A,#N/A,#N/A
3f06de98-4dc5-4cfa-b6c2-de5a006730d2,Coffee Starter Bundle,CSB-B,#N/A,true,#N/A,false,#N/A,#N/A,#N/A,#N/A,#N/A,Default,One per quote line,#N/A,#N/A,#N/A,Quantity,#N/A,false,#N/A,Always,#N/A,#N/A,#N/A,Required,#N/A,#N/A,#N/A,false,#N/A,false,#N/A,#N/A,1.0,false,#N/A,#N/A,#N/A,false,false,false,false,#N/A,false,false,false,false,false,false,false,false,#N/A,Click,false,false,false,List,#N/A,true,#N/A,false,#N/A,#N/A,#N/A,List,#N/A,#N/A,#N/A,#N/A,#N/A,One-time,#N/A,false,#N/A,#N/A,#N/A,#N/A,#N/A,#N/A
3f423c69-989b-425f-a2b6-e5cb0f80f8de,Keurig® K150P - Plumbed Commercial Coffee Maker,EQP-OT-4,"Fully programmable coffee maker with an interactive touch-screen that allows for a customizable brewing experience.
Includes Direct Plumb Kit Accessory",false,EQP,false,#N/A,#N/A,#N/A,#N/A,#N/A,Default,One per quote line,#N/A,#N/A,#N/A,Quantity,#N/A,false,#N/A,#N/A,#N/A,#N/A,#N/A,#N/A,#N/A,#N/A,#N/A,false,#N/A,false,#N/A,#N/A,1.0,false,#N/A,#N/A,#N/A,false,false,false,false,#N/A,false,false,false,false,false,false,false,false,#N/A,Click,false,false,false,List,#N/A,true,#N/A,false,#N/A,#N/A,#N/A,List,#N/A,#N/A,#N/A,#N/A,#N/A,One-time,#N/A,false,#N/A,#N/A,#N/A,#N/A,#N/A,#N/A
40e27794-eb4f-43d4-9553-e1663c6fb638,Prodly Cola Syrup,POP-OT-1,5 Gallon Bag in Box Syrup- One time,true,#N/A,false,#N/A,#N/A,#N/A,#N/A,#N/A,Default,One per quote line,#N/A,#N/A,#N/A,Quantity,#N/A,false,#N/A,#N/A,#N/A,#N/A,#N/A,#N/A,#N/A,#N/A,#N/A,false,#N/A,false,#N/A,#N/A,1.0,false,#N/A,#N/A,#N/A,false,false,false,false,#N/A,false,false,false,false,false,false,false,false,#N/A,Click,false,false,false,List,#N/A,true,#N/A,false,#N/A,#N/A,#N/A,List,#N/A,#N/A,#N/A,#N/A,#N/A,One-time,#N/A,false,#N/A,#N/A,#N/A,#N/A,#N/A,#N/A
41578aef-5846-469e-92d9-24dcaa50365b,Enterprise Plus Cloud Storage,CS5,Enterprise Plus Cloud Storage,true,Cloud Storage,false,#N/A,#N/A,#N/A,#N/A,#N/A,#N/A,#N/A,#N/A,#N/A,#N/A,#N/A,#N/A,false,#N/A,#N/A,#N/A,#N/A,#N/A,#N/A,#N/A,#N/A,#N/A,false,#N/A,false,#N/A,#N/A,1.0,false,#N/A,#N/A,#N/A,false,false,false,false,#N/A,false,false,false,false,false,false,false,false,#N/A,#N/A,false,false,false,#N/A,015Hs000004ePeU,true,#N/A,false,#N/A,#N/A,#N/A,#N/A,#N/A,#N/A,#N/A,#N/A,#N/A,#N/A,#N/A,false,#N/A,#N/A,#N/A,#N/A,#N/A,#N/A
441c424c-24eb-4b39-a025-6a1d46dddea4,Business Plus Cloud Storage,CS3,Business Plus Cloud Storage,true,Cloud Storage,false,#N/A,#N/A,#N/A,#N/A,#N/A,#N/A,#N/A,#N/A,#N/A,#N/A,#N/A,#N/A,false,#N/A,#N/A,#N/A,#N/A,#N/A,#N/A,#N/A,#N/A,#N/A,false,#N/A,false,#N/A,#N/A,10.0,false,#N/A,#N/A,#N/A,false,false,false,false,#N/A,false,false,false,false,false,false,false,false,#N/A,#N/A,false,false,false,#N/A,015Hs000004ePeU,true,#N/A,false,#N/A,#N/A,#N/A,#N/A,#N/A,#N/A,#N/A,#N/A,#N/A,#N/A,#N/A,false,#N/A,#N/A,#N/A,#N/A,#N/A,#N/A
44a3ef32-78ce-4f00-a917-1fadd5eff3d3,KCup Recycling Program,SRV-R-1,"K-Cycle™ bins are bundled in packs of five (5), for offices that brew 24 K-Cup® pods or more a day - 450 K-Cup® pods per bin. Single bins are not available.- Recurring
 
EACH BIN INCLUDES
1. Pre-paid UPS return label affixed to bin
2. Pre-affixed bag and zip tie seal for brewed K-Cup® pod collection",false,SRV,false,#N/A,#N/A,#N/A,#N/A,#N/A,Default,One per quote line,#N/A,#N/A,#N/A,Quantity,#N/A,true,#N/A,#N/A,#N/A,#N/A,#N/A,#N/A,#N/A,#N/A,#N/A,false,#N/A,false,#N/A,#N/A,1.0,false,#N/A,#N/A,#N/A,false,false,false,false,#N/A,false,false,false,false,false,false,false,false,#N/A,Click,false,false,false,List,#N/A,true,#N/A,false,#N/A,#N/A,#N/A,List,#N/A,#N/A,Fixed Price,#N/A,1.0,Renewable,#N/A,false,#N/A,#N/A,#N/A,#N/A,#N/A,#N/A
44f42fc4-2c75-407e-a750-7aa43c0617c0,Deploy Dew Syrup,POP-R-3,7 Gallon Bag in Box Syrup- Recurring,false,BEV,false,#N/A,#N/A,#N/A,#N/A,#N/A,Default,One per quote line,#N/A,#N/A,#N/A,Quantity,#N/A,false,#N/A,#N/A,#N/A,#N/A,#N/A,#N/A,#N/A,#N/A,#N/A,false,#N/A,false,#N/A,#N/A,1.0,false,#N/A,#N/A,#N/A,false,false,false,false,#N/A,false,false,false,false,false,false,false,false,#N/A,Click,false,false,false,List,#N/A,true,#N/A,false,#N/A,#N/A,#N/A,List,#N/A,#N/A,Fixed Price,#N/A,1.0,Renewable,#N/A,false,#N/A,#N/A,#N/A,#N/A,#N/A,#N/A
46eb313b-6204-4ec4-b8f1-e352313d679d,25+ User Training,T2,25+ User Training,true,Training,false,#N/A,#N/A,#N/A,#N/A,#N/A,Default,One per quote line,#N/A,#N/A,#N/A,Quantity,#N/A,false,#N/A,#N/A,#N/A,#N/A,#N/A,#N/A,#N/A,#N/A,#N/A,false,#N/A,false,#N/A,#N/A,1.0,false,#N/A,#N/A,#N/A,false,false,false,false,#N/A,false,false,false,false,false,false,false,false,#N/A,Click,false,false,false,List,015Hs000004ePeQ,true,#N/A,false,#N/A,#N/A,#N/A,List,#N/A,#N/A,#N/A,#N/A,#N/A,Renewable,#N/A,false,#N/A,#N/A,#N/A,#N/A,#N/A,#N/A
486f6c29-a340-40fb-b942-5bd0542d8133,TEST1,#N/A,#N/A,false,#N/A,false,#N/A,#N/A,#N/A,#N/A,#N/A,Default,One per quote line,#N/A,#N/A,#N/A,Quantity,#N/A,false,#N/A,#N/A,#N/A,#N/A,#N/A,#N/A,#N/A,#N/A,#N/A,false,#N/A,false,#N/A,#N/A,1.0,false,#N/A,#N/A,#N/A,false,false,false,false,#N/A,false,false,false,false,false,false,false,false,#N/A,Click,false,false,false,List,#N/A,true,#N/A,false,#N/A,#N/A,#N/A,List,#N/A,#N/A,#N/A,#N/A,#N/A,Renewable,#N/A,false,#N/A,#N/A,#N/A,#N/A,#N/A,#N/A
49a79e34-b726-45b8-abd5-91c46cc82f63,Personal Cloud Stoarge,CS1,Personal Cloud Stoarge,true,Cloud Storage,false,#N/A,#N/A,#N/A,#N/A,#N/A,Default,One per quote line,#N/A,#N/A,#N/A,Quantity,#N/A,false,#N/A,#N/A,#N/A,#N/A,#N/A,#N/A,#N/A,#N/A,#N/A,false,#N/A,false,#N/A,#N/A,1.0,false,#N/A,#N/A,#N/A,false,false,false,false,#N/A,false,false,false,false,false,false,false,false,#N/A,Click,false,false,false,List,015Hs000004ePeU,true,#N/A,false,#N/A,#N/A,#N/A,List,#N/A,#N/A,#N/A,#N/A,#N/A,Renewable,#N/A,false,#N/A,#N/A,#N/A,#N/A,#N/A,#N/A
510160fa-bec1-48d9-811a-f9249bb9f060,Release Root Beer Syrup,POP-OT-7,11 Gallon Bag in Box Syrup- One time,false,BEV,false,#N/A,#N/A,#N/A,#N/A,#N/A,Default,One per quote line,#N/A,#N/A,#N/A,Quantity,#N/A,false,#N/A,#N/A,#N/A,#N/A,#N/A,#N/A,#N/A,#N/A,#N/A,false,#N/A,false,#N/A,#N/A,1.0,false,#N/A,#N/A,#N/A,false,false,false,false,#N/A,false,false,false,false,false,false,false,false,#N/A,Click,false,false,false,List,#N/A,true,#N/A,false,#N/A,#N/A,#N/A,List,#N/A,#N/A,#N/A,#N/A,#N/A,One-time,#N/A,false,#N/A,#N/A,#N/A,#N/A,#N/A,#N/A
53764703-c442-4ff6-9f1b-ed5b76d1e474,Uptime Espresso,COF-OT-6,1 24-count Box of K-Cups Pods- One time,false,BEV,false,#N/A,#N/A,#N/A,#N/A,#N/A,Default,One per quote line,#N/A,#N/A,#N/A,Quantity,#N/A,false,#N/A,#N/A,#N/A,#N/A,#N/A,#N/A,#N/A,#N/A,#N/A,false,#N/A,false,#N/A,#N/A,1.0,false,#N/A,#N/A,#N/A,false,false,false,false,#N/A,false,false,false,false,false,false,false,false,#N/A,Click,false,false,false,List,#N/A,true,#N/A,false,#N/A,#N/A,#N/A,List,#N/A,#N/A,#N/A,#N/A,#N/A,Renewable,#N/A,false,#N/A,#N/A,#N/A,#N/A,#N/A,#N/A
541146e6-a110-4a0b-8649-22ec6a707b04,Declarative Decaf,COF-R-2,1 24-count Box of K-Cups Pods- Recurring,false,BEV,false,#N/A,#N/A,#N/A,#N/A,#N/A,Default,One per quote line,#N/A,#N/A,#N/A,Quantity,#N/A,false,#N/A,#N/A,#N/A,#N/A,#N/A,#N/A,#N/A,#N/A,#N/A,false,#N/A,false,#N/A,#N/A,1.0,false,#N/A,#N/A,#N/A,false,false,false,false,#N/A,false,false,false,false,false,false,false,false,#N/A,Click,false,false,false,List,#N/A,true,#N/A,false,#N/A,#N/A,#N/A,List,#N/A,#N/A,Fixed Price,#N/A,1.0,Renewable,#N/A,false,#N/A,#N/A,#N/A,#N/A,#N/A,#N/A
581ee0f6-f331-45b2-a499-c18a36a55de4,Agile Ginger Ale Syrup,POP-R-8,12 Gallon Bag in Box Syrup- Recurring,false,BEV,false,#N/A,#N/A,#N/A,#N/A,#N/A,Default,One per quote line,#N/A,#N/A,#N/A,Quantity,#N/A,false,#N/A,#N/A,#N/A,#N/A,#N/A,#N/A,#N/A,#N/A,#N/A,false,#N/A,false,#N/A,#N/A,1.0,false,#N/A,#N/A,#N/A,false,false,false,false,#N/A,false,false,false,false,false,false,false,false,#N/A,Click,false,false,false,List,#N/A,true,#N/A,false,#N/A,#N/A,#N/A,List,#N/A,#N/A,Fixed Price,#N/A,1.0,Renewable,#N/A,false,#N/A,#N/A,#N/A,#N/A,#N/A,#N/A
59d578fa-dbf0-4877-99a0-41f68b1f4188,Security Certification Training: Shield,SC2,Security Certification Training: Shield,true,Training,false,#N/A,#N/A,#N/A,#N/A,#N/A,#N/A,#N/A,#N/A,#N/A,#N/A,#N/A,#N/A,false,#N/A,#N/A,#N/A,#N/A,#N/A,#N/A,#N/A,#N/A,#N/A,false,#N/A,false,#N/A,#N/A,5.0,false,#N/A,#N/A,#N/A,false,false,false,false,#N/A,false,false,false,false,false,false,false,false,#N/A,#N/A,false,false,false,#N/A,015Hs000004ePeV,true,#N/A,false,#N/A,#N/A,#N/A,#N/A,#N/A,#N/A,#N/A,#N/A,#N/A,#N/A,#N/A,false,#N/A,#N/A,#N/A,#N/A,#N/A,#N/A
59e4c4f5-474e-48c9-8ab8-44da713ea2b5,Change Management Mocha,COF-R-5,1 24-count Box of K-Cups Pods- Recurring,false,BEV,false,#N/A,#N/A,#N/A,#N/A,#N/A,Default,One per quote line,#N/A,#N/A,#N/A,Quantity,#N/A,false,#N/A,#N/A,#N/A,#N/A,#N/A,#N/A,#N/A,#N/A,#N/A,false,#N/A,false,#N/A,#N/A,1.0,false,#N/A,#N/A,#N/A,false,false,false,false,#N/A,false,false,false,false,false,false,false,false,#N/A,Click,false,false,false,List,#N/A,true,#N/A,false,#N/A,#N/A,#N/A,List,#N/A,#N/A,Fixed Price,#N/A,1.0,Renewable,#N/A,false,#N/A,#N/A,#N/A,#N/A,#N/A,#N/A
5bb2e04a-7a06-4a22-85f7-5ec3e88b592d,Soda Starter Bundle,SSB-B,#N/A,true,#N/A,false,#N/A,#N/A,#N/A,#N/A,#N/A,Default,One per quote line,#N/A,#N/A,#N/A,Quantity,#N/A,false,#N/A,Always,#N/A,#N/A,#N/A,Required,#N/A,#N/A,#N/A,false,#N/A,false,#N/A,#N/A,1.0,false,#N/A,#N/A,#N/A,false,false,false,false,#N/A,false,false,false,false,false,false,false,false,#N/A,Click,false,false,false,List,#N/A,true,#N/A,false,#N/A,#N/A,#N/A,List,#N/A,#N/A,#N/A,#N/A,#N/A,One-time,#N/A,false,#N/A,#N/A,#N/A,#N/A,#N/A,#N/A
5e1b255d-b4bf-4fd9-bff6-6142eaaa1279,Pumpkin Sandbox Latte,COF-R-3,1 24-count Box of K-Cups Pods- Recurring,false,BEV,false,#N/A,#N/A,#N/A,#N/A,#N/A,Default,One per quote line,#N/A,#N/A,#N/A,Quantity,#N/A,false,#N/A,#N/A,#N/A,#N/A,#N/A,#N/A,#N/A,#N/A,#N/A,false,#N/A,false,#N/A,#N/A,1.0,false,#N/A,#N/A,#N/A,false,false,false,false,#N/A,false,false,false,false,false,false,false,false,#N/A,Click,false,false,false,List,#N/A,true,#N/A,false,#N/A,#N/A,#N/A,List,#N/A,#N/A,Fixed Price,#N/A,1.0,Renewable,#N/A,false,#N/A,#N/A,#N/A,#N/A,#N/A,#N/A
5f98473c-d62e-4364-a38d-1460270f24a4,Platinum Consulting Plan,PS3,Platinum Consulting Plan,true,Professional Services,false,#N/A,#N/A,#N/A,#N/A,#N/A,Default,One per quote line,#N/A,#N/A,#N/A,Quantity,#N/A,false,#N/A,#N/A,#N/A,#N/A,#N/A,#N/A,#N/A,#N/A,#N/A,false,#N/A,false,#N/A,#N/A,1.0,false,#N/A,#N/A,#N/A,false,false,false,false,#N/A,false,false,false,false,false,false,false,false,#N/A,Click,false,false,false,List,015Hs000005a9m1,true,#N/A,false,#N/A,#N/A,#N/A,List,#N/A,#N/A,#N/A,#N/A,#N/A,Renewable,#N/A,false,#N/A,#N/A,#N/A,#N/A,#N/A,#N/A
62e9f185-9838-4203-a025-a801c2f72812,100' Roll of 10 Line Bundled Tubing,EQP-OT-3,"Consists of 10 lines bundled together
Each line is 3/8"" in diameter
Roll contains 100' of bundled tubing",false,EQP,false,#N/A,#N/A,#N/A,#N/A,#N/A,Default,One per quote line,#N/A,#N/A,#N/A,Quantity,#N/A,false,#N/A,#N/A,#N/A,#N/A,#N/A,#N/A,#N/A,#N/A,#N/A,false,#N/A,false,#N/A,#N/A,1.0,false,#N/A,#N/A,#N/A,false,false,false,false,#N/A,false,false,false,false,false,false,false,false,#N/A,Click,false,false,false,List,#N/A,true,#N/A,false,#N/A,#N/A,#N/A,List,#N/A,#N/A,#N/A,#N/A,#N/A,One-time,#N/A,false,#N/A,#N/A,#N/A,#N/A,#N/A,#N/A
6324c680-4583-4337-a0c8-07fe99d47e12,TEST,#N/A,#N/A,false,#N/A,false,#N/A,#N/A,#N/A,#N/A,#N/A,Default,One per quote line,#N/A,#N/A,#N/A,Quantity,#N/A,false,#N/A,#N/A,#N/A,#N/A,#N/A,#N/A,#N/A,#N/A,#N/A,false,#N/A,false,#N/A,#N/A,1.0,false,#N/A,#N/A,#N/A,false,false,false,false,#N/A,false,false,false,false,false,false,false,false,#N/A,Click,false,false,false,List,#N/A,true,#N/A,false,#N/A,#N/A,#N/A,List,#N/A,#N/A,#N/A,#N/A,#N/A,Renewable,#N/A,false,#N/A,#N/A,#N/A,#N/A,#N/A,#N/A
69d4955c-ece5-49a4-9e9e-15c37af807ca,Enterprise Cloud Storage,CS4,Enterprise Cloud Storage,true,Cloud Storage,false,#N/A,#N/A,#N/A,#N/A,#N/A,#N/A,#N/A,#N/A,#N/A,#N/A,#N/A,#N/A,false,#N/A,#N/A,#N/A,#N/A,#N/A,#N/A,#N/A,#N/A,#N/A,false,#N/A,false,#N/A,#N/A,1.0,false,#N/A,#N/A,#N/A,false,false,false,false,#N/A,false,false,false,false,false,false,false,false,#N/A,#N/A,false,false,false,#N/A,015Hs000004ePeU,true,#N/A,false,#N/A,#N/A,#N/A,#N/A,#N/A,#N/A,#N/A,#N/A,#N/A,#N/A,#N/A,false,#N/A,#N/A,#N/A,#N/A,#N/A,#N/A
705758ab-8439-4744-b520-0fc11d87db3e,Best Sellers Varieties Curated Collection,COF-R-1,8 24-count Boxes of our best selling blends.- Recurring,false,BEV,false,#N/A,#N/A,#N/A,#N/A,#N/A,Default,One per quote line,#N/A,#N/A,#N/A,Quantity,#N/A,false,#N/A,#N/A,#N/A,#N/A,#N/A,#N/A,#N/A,#N/A,#N/A,false,#N/A,false,#N/A,#N/A,1.0,false,#N/A,#N/A,#N/A,false,false,false,false,#N/A,false,false,false,false,false,false,false,false,#N/A,Click,false,false,false,List,#N/A,true,#N/A,false,#N/A,#N/A,#N/A,List,#N/A,#N/A,Fixed Price,#N/A,1.0,Renewable,#N/A,false,#N/A,#N/A,#N/A,#N/A,#N/A,#N/A
7243cf25-06fe-44ba-a4b8-988a6d8d136e,Secure Security Manager,SM4,Secure Security Manager,true,Security Management,false,#N/A,#N/A,#N/A,#N/A,#N/A,Default,One per quote line,#N/A,#N/A,#N/A,Quantity,#N/A,false,#N/A,#N/A,#N/A,#N/A,#N/A,#N/A,#N/A,#N/A,#N/A,false,#N/A,false,#N/A,#N/A,10.0,false,#N/A,#N/A,#N/A,false,false,false,false,#N/A,false,false,false,false,false,false,false,false,#N/A,Click,false,false,false,List,015Hs000004ePeZ,true,#N/A,false,#N/A,#N/A,#N/A,List,#N/A,#N/A,#N/A,#N/A,#N/A,Renewable,#N/A,false,#N/A,#N/A,#N/A,#N/A,#N/A,#N/A
734c6bbe-7dcb-433e-ba31-bea9fb9a4cf1,T&E Suite Admin License,TE14,Subscription for one (1) Time and Expense Administrator.,true,Licensing,false,#N/A,#N/A,#N/A,#N/A,#N/A,Default,One per quote line,#N/A,#N/A,#N/A,Quantity,#N/A,false,#N/A,#N/A,#N/A,#N/A,#N/A,#N/A,#N/A,#N/A,#N/A,false,#N/A,false,#N/A,#N/A,1.0,false,#N/A,#N/A,#N/A,false,false,false,false,#N/A,false,false,false,false,false,false,false,false,#N/A,Click,false,false,false,List,015Hs000004ePeS,true,#N/A,false,#N/A,#N/A,#N/A,List,#N/A,#N/A,#N/A,#N/A,#N/A,Renewable,#N/A,false,#N/A,#N/A,#N/A,#N/A,#N/A,#N/A
73c5997d-2998-4b81-af9d-636bc17c1c30,Version Control Cappuccino,COF-OT-7,1 24-count Box of K-Cups Pods- One time,false,BEV,false,#N/A,#N/A,#N/A,#N/A,#N/A,Default,One per quote line,#N/A,#N/A,#N/A,Quantity,#N/A,false,#N/A,#N/A,#N/A,#N/A,#N/A,#N/A,#N/A,#N/A,#N/A,false,#N/A,false,#N/A,#N/A,1.0,false,#N/A,#N/A,#N/A,false,false,false,false,#N/A,false,false,false,false,false,false,false,false,#N/A,Click,false,false,false,List,#N/A,true,#N/A,false,#N/A,#N/A,#N/A,List,#N/A,#N/A,#N/A,#N/A,#N/A,Renewable,#N/A,false,#N/A,#N/A,#N/A,#N/A,#N/A,#N/A
73e74e8b-aa6c-4d62-82a4-a7debeb03417,Monthly Maintance Plan,SRV-R-2,Regular cleaning & preventative maintenance to keep your equipment operating optimally.- Recurring,false,SRV,false,#N/A,#N/A,#N/A,#N/A,#N/A,Default,One per quote line,#N/A,#N/A,#N/A,Quantity,#N/A,true,#N/A,#N/A,#N/A,#N/A,#N/A,#N/A,#N/A,#N/A,#N/A,false,#N/A,false,#N/A,#N/A,1.0,false,#N/A,#N/A,#N/A,false,false,false,false,#N/A,false,false,false,false,false,false,false,false,#N/A,Click,false,false,false,List,#N/A,true,#N/A,false,#N/A,#N/A,#N/A,List,#N/A,#N/A,Fixed Price,#N/A,1.0,Renewable,#N/A,false,#N/A,#N/A,#N/A,#N/A,#N/A,#N/A
76ffe5c6-cb5e-479a-90f7-192194bd8ea7,Security Certification Training: Basic,SC1,Security Certification Training: Basic,true,Training,false,#N/A,#N/A,#N/A,#N/A,#N/A,Default,One per quote line,#N/A,#N/A,#N/A,Quantity,#N/A,false,#N/A,#N/A,#N/A,#N/A,#N/A,#N/A,#N/A,#N/A,#N/A,false,#N/A,false,#N/A,#N/A,5.0,false,#N/A,#N/A,#N/A,false,false,false,false,#N/A,false,false,false,false,false,false,false,false,#N/A,Click,false,false,false,List,015Hs000004ePeV,true,#N/A,false,#N/A,#N/A,#N/A,List,#N/A,#N/A,#N/A,#N/A,#N/A,Renewable,#N/A,false,#N/A,#N/A,#N/A,#N/A,#N/A,#N/A
7ce1d407-8875-425a-824b-3155e885dc23,NEW PRODUCT,#N/A,#N/A,false,#N/A,false,#N/A,#N/A,#N/A,#N/A,#N/A,Default,One per quote line,#N/A,#N/A,#N/A,Quantity,#N/A,false,#N/A,#N/A,#N/A,#N/A,#N/A,#N/A,#N/A,#N/A,#N/A,false,#N/A,false,#N/A,#N/A,1.0,false,#N/A,#N/A,#N/A,false,false,false,false,#N/A,false,false,false,false,false,false,false,false,#N/A,Click,false,false,false,List,#N/A,true,#N/A,false,#N/A,#N/A,#N/A,List,#N/A,#N/A,#N/A,#N/A,#N/A,Renewable,#N/A,false,#N/A,#N/A,#N/A,#N/A,#N/A,#N/A
7cf2da3a-4060-4c8a-aacb-d901ef95c829,Basic Consulting Plan,LT-TOSH,Toshiba Chromebook 2,true,Professional Services,false,#N/A,#N/A,#N/A,#N/A,#N/A,Default,One per quote line,#N/A,#N/A,#N/A,Quantity,#N/A,false,#N/A,#N/A,#N/A,#N/A,#N/A,#N/A,#N/A,#N/A,#N/A,false,#N/A,false,#N/A,#N/A,1.0,false,#N/A,#N/A,#N/A,false,false,false,false,#N/A,false,false,false,false,false,false,false,false,#N/A,Click,false,false,false,List,015Hs000004ePeR,true,#N/A,false,#N/A,#N/A,#N/A,List,#N/A,#N/A,#N/A,#N/A,#N/A,Renewable,#N/A,false,#N/A,#N/A,#N/A,#N/A,#N/A,#N/A
7e15386a-3af4-4507-8fdf-db846a5d8a21,Agile Ginger Ale Syrup,POP-R-8,12 Gallon Bag in Box Syrup- Recurring,false,BEV,false,#N/A,#N/A,#N/A,#N/A,#N/A,Default,One per quote line,#N/A,#N/A,#N/A,Quantity,#N/A,false,#N/A,#N/A,#N/A,#N/A,#N/A,#N/A,#N/A,#N/A,#N/A,false,#N/A,false,#N/A,#N/A,1.0,false,#N/A,#N/A,#N/A,false,false,false,false,#N/A,false,false,false,false,false,false,false,false,#N/A,Click,false,false,false,List,#N/A,true,#N/A,false,#N/A,#N/A,#N/A,List,#N/A,#N/A,Fixed Price,#N/A,1.0,Renewable,#N/A,false,#N/A,#N/A,#N/A,#N/A,#N/A,#N/A
84a9d9a5-3214-48d8-82f2-0a5ab067cb45,Deploy Dew Syrup,POP-R-3,7 Gallon Bag in Box Syrup- Recurring,false,BEV,false,#N/A,#N/A,#N/A,#N/A,#N/A,Default,One per quote line,#N/A,#N/A,#N/A,Quantity,#N/A,false,#N/A,#N/A,#N/A,#N/A,#N/A,#N/A,#N/A,#N/A,#N/A,false,#N/A,false,#N/A,#N/A,1.0,false,#N/A,#N/A,#N/A,false,false,false,false,#N/A,false,false,false,false,false,false,false,false,#N/A,Click,false,false,false,List,#N/A,true,#N/A,false,#N/A,#N/A,#N/A,List,#N/A,#N/A,Fixed Price,#N/A,1.0,Renewable,#N/A,false,#N/A,#N/A,#N/A,#N/A,#N/A,#N/A
88f4faab-7e24-43db-b265-9a7e5f1764ec,Secure Event Manager,SM2,Secure Event Manager,true,Security Management,false,#N/A,#N/A,#N/A,#N/A,#N/A,Default,One per quote line,#N/A,#N/A,#N/A,Quantity,#N/A,false,#N/A,#N/A,#N/A,#N/A,#N/A,#N/A,#N/A,#N/A,#N/A,false,#N/A,false,#N/A,#N/A,10.0,false,#N/A,#N/A,#N/A,false,false,false,false,#N/A,false,false,false,false,false,false,false,false,#N/A,Click,false,false,false,List,015Hs000004ePeP,true,#N/A,false,#N/A,#N/A,#N/A,List,#N/A,#N/A,#N/A,#N/A,#N/A,Renewable,#N/A,false,#N/A,#N/A,#N/A,#N/A,#N/A,#N/A
896a7b4e-4186-48dd-a5ac-fc971e3bf7f4,6-25 User Training,T1,6-25 User Training,true,Training,false,#N/A,#N/A,#N/A,#N/A,#N/A,Default,One per quote line,#N/A,#N/A,#N/A,Quantity,#N/A,false,#N/A,#N/A,#N/A,#N/A,#N/A,#N/A,#N/A,#N/A,#N/A,false,#N/A,false,#N/A,#N/A,1.0,false,#N/A,#N/A,#N/A,false,false,false,false,#N/A,false,false,false,false,false,false,false,false,#N/A,Click,false,false,false,List,015Hs000004ePeQ,true,#N/A,false,#N/A,#N/A,#N/A,List,#N/A,#N/A,#N/A,#N/A,#N/A,Renewable,#N/A,false,#N/A,#N/A,#N/A,#N/A,#N/A,#N/A
8b3b62d6-69ef-42cf-a60a-fd15d562e27e,CONFIGURED,#N/A,#N/A,false,#N/A,false,#N/A,#N/A,#N/A,#N/A,#N/A,Default,One per quote line,#N/A,#N/A,#N/A,Quantity,#N/A,false,#N/A,#N/A,#N/A,#N/A,#N/A,#N/A,#N/A,#N/A,#N/A,false,#N/A,false,#N/A,#N/A,1.0,false,#N/A,#N/A,#N/A,false,false,false,false,#N/A,false,false,false,false,false,false,false,false,#N/A,Click,false,false,false,List,#N/A,true,#N/A,false,#N/A,#N/A,#N/A,List,#N/A,#N/A,#N/A,#N/A,#N/A,Renewable,#N/A,false,#N/A,#N/A,#N/A,#N/A,#N/A,#N/A
8c4883fe-22e3-4cb5-879b-c76f102715b5,Low-Code Lemon-Lime Syrup,POP-R-4,8 Gallon Bag in Box Syrup- Recurring,false,BEV,false,#N/A,#N/A,#N/A,#N/A,#N/A,Default,One per quote line,#N/A,#N/A,#N/A,Quantity,#N/A,false,#N/A,#N/A,#N/A,#N/A,#N/A,#N/A,#N/A,#N/A,#N/A,false,#N/A,false,#N/A,#N/A,1.0,false,#N/A,#N/A,#N/A,false,false,false,false,#N/A,false,false,false,false,false,false,false,false,#N/A,Click,false,false,false,List,#N/A,true,#N/A,false,#N/A,#N/A,#N/A,List,#N/A,#N/A,Fixed Price,#N/A,1.0,Renewable,#N/A,false,#N/A,#N/A,#N/A,#N/A,#N/A,#N/A
8ea018a2-2591-4cc8-bd1d-e3681cf30c21,Release Root Beer Syrup,POP-R-7,11 Gallon Bag in Box Syrup- Recurring,false,BEV,false,#N/A,#N/A,#N/A,#N/A,#N/A,Default,One per quote line,#N/A,#N/A,#N/A,Quantity,#N/A,false,#N/A,#N/A,#N/A,#N/A,#N/A,#N/A,#N/A,#N/A,#N/A,false,#N/A,false,#N/A,#N/A,1.0,false,#N/A,#N/A,#N/A,false,false,false,false,#N/A,false,false,false,false,false,false,false,false,#N/A,Click,false,false,false,List,#N/A,true,#N/A,false,#N/A,#N/A,#N/A,List,#N/A,#N/A,Fixed Price,#N/A,1.0,Renewable,#N/A,false,#N/A,#N/A,#N/A,#N/A,#N/A,#N/A
9522f498-092e-4a33-8d3e-9bdfe2368a56,Deployment Dark Roast,COF-R-4,1 24-count Box of K-Cups Pods- Recurring,false,BEV,false,#N/A,#N/A,#N/A,#N/A,#N/A,Default,One per quote line,#N/A,#N/A,#N/A,Quantity,#N/A,false,#N/A,#N/A,#N/A,#N/A,#N/A,#N/A,#N/A,#N/A,#N/A,false,#N/A,false,#N/A,#N/A,1.0,false,#N/A,#N/A,#N/A,false,false,false,false,#N/A,false,false,false,false,false,false,false,false,#N/A,Click,false,false,false,List,#N/A,true,#N/A,false,#N/A,#N/A,#N/A,List,#N/A,#N/A,Fixed Price,#N/A,1.0,Renewable,#N/A,false,#N/A,#N/A,#N/A,#N/A,#N/A,#N/A
9a84f88a-e599-42e0-b1a7-40ab8bc80fd4,SafeLog Secure Access VPN,EP1,Safelog Secure Access VPN,true,Endpoint,false,#N/A,#N/A,#N/A,#N/A,#N/A,Default,One per quote line,#N/A,#N/A,#N/A,Quantity,#N/A,false,#N/A,#N/A,#N/A,#N/A,#N/A,#N/A,#N/A,#N/A,#N/A,false,#N/A,false,#N/A,#N/A,25.0,false,#N/A,#N/A,#N/A,false,false,false,false,#N/A,false,false,false,false,false,false,false,false,#N/A,Click,false,false,false,List,015Hs000004ePeY,true,#N/A,false,#N/A,#N/A,#N/A,List,#N/A,#N/A,#N/A,#N/A,#N/A,Renewable,#N/A,false,#N/A,#N/A,#N/A,#N/A,#N/A,#N/A
a1868abc-8611-461b-a8f0-f32848f270cc,Change Management Mocha,COF-OT-5,1 24-count Box of K-Cups Pods- One time,false,BEV,false,#N/A,#N/A,#N/A,#N/A,#N/A,Default,One per quote line,#N/A,#N/A,#N/A,Quantity,#N/A,false,#N/A,#N/A,#N/A,#N/A,#N/A,#N/A,#N/A,#N/A,#N/A,false,#N/A,false,#N/A,#N/A,1.0,false,#N/A,#N/A,#N/A,false,false,false,false,#N/A,false,false,false,false,false,false,false,false,#N/A,Click,false,false,false,List,#N/A,true,#N/A,false,#N/A,#N/A,#N/A,List,#N/A,#N/A,#N/A,#N/A,#N/A,One-time,#N/A,false,#N/A,#N/A,#N/A,#N/A,#N/A,#N/A
a5e10483-8e48-48f1-b6a4-24eeedb5f398,Fastflow Carbonator,EQP-OT-2,"Forces CO2 into water to create carbonation for sodas
No need to turn off CO2 or water to service; maintain electronics without depressurizing the tank
115V, 1/3 hp, 1725 RPM motor",false,EQP,false,#N/A,#N/A,#N/A,#N/A,#N/A,Default,One per quote line,#N/A,#N/A,#N/A,Quantity,#N/A,false,#N/A,#N/A,#N/A,#N/A,#N/A,#N/A,#N/A,#N/A,#N/A,false,#N/A,false,#N/A,#N/A,1.0,false,#N/A,#N/A,#N/A,false,false,false,false,#N/A,false,false,false,false,false,false,false,false,#N/A,Click,false,false,false,List,#N/A,true,#N/A,false,#N/A,#N/A,#N/A,List,#N/A,#N/A,#N/A,#N/A,#N/A,One-time,#N/A,false,#N/A,#N/A,#N/A,#N/A,#N/A,#N/A
a9997b6f-2357-4865-8a26-08305f379d98,Go-Live Grape Syrup,POP-R-5,9 Gallon Bag in Box Syrup- Recurring,false,BEV,false,#N/A,#N/A,#N/A,#N/A,#N/A,Default,One per quote line,#N/A,#N/A,#N/A,Quantity,#N/A,false,#N/A,#N/A,#N/A,#N/A,#N/A,#N/A,#N/A,#N/A,#N/A,false,#N/A,false,#N/A,#N/A,1.0,false,#N/A,#N/A,#N/A,false,false,false,false,#N/A,false,false,false,false,false,false,false,false,#N/A,Click,false,false,false,List,#N/A,true,#N/A,false,#N/A,#N/A,#N/A,List,#N/A,#N/A,Fixed Price,#N/A,1.0,Renewable,#N/A,false,#N/A,#N/A,#N/A,#N/A,#N/A,#N/A
aeea5f5a-838e-4e06-9369-02fb89ab48fd,Soda Starter Bundle,SSB-B,#N/A,true,#N/A,false,#N/A,#N/A,#N/A,#N/A,#N/A,Default,One per quote line,#N/A,#N/A,#N/A,Quantity,#N/A,false,#N/A,Always,#N/A,#N/A,#N/A,Required,#N/A,#N/A,#N/A,false,#N/A,false,#N/A,#N/A,1.0,false,#N/A,#N/A,#N/A,false,false,false,false,#N/A,false,false,false,false,false,false,false,false,#N/A,Click,false,false,false,List,#N/A,true,#N/A,false,#N/A,#N/A,#N/A,List,#N/A,#N/A,#N/A,#N/A,#N/A,One-time,#N/A,false,#N/A,#N/A,#N/A,#N/A,#N/A,#N/A
b2241953-57ff-46b3-905c-e9e582eac74a,Version Control Cappuccino,COF-R-7,1 24-count Box of K-Cups Pods- Recurring,false,BEV,false,#N/A,#N/A,#N/A,#N/A,#N/A,Default,One per quote line,#N/A,#N/A,#N/A,Quantity,#N/A,false,#N/A,#N/A,#N/A,#N/A,#N/A,#N/A,#N/A,#N/A,#N/A,false,#N/A,false,#N/A,#N/A,1.0,false,#N/A,#N/A,#N/A,false,false,false,false,#N/A,false,false,false,false,false,false,false,false,#N/A,Click,false,false,false,List,#N/A,true,#N/A,false,#N/A,#N/A,#N/A,List,#N/A,#N/A,Fixed Price,#N/A,1.0,Renewable,#N/A,false,#N/A,#N/A,#N/A,#N/A,#N/A,#N/A
b394cf55-4da4-43b3-ba68-e60093e49591,Uptime Espresso,COF-R-6,1 24-count Box of K-Cups Pods- Recurring,false,BEV,false,#N/A,#N/A,#N/A,#N/A,#N/A,Default,One per quote line,#N/A,#N/A,#N/A,Quantity,#N/A,false,#N/A,#N/A,#N/A,#N/A,#N/A,#N/A,#N/A,#N/A,#N/A,false,#N/A,false,#N/A,#N/A,1.0,false,#N/A,#N/A,#N/A,false,false,false,false,#N/A,false,false,false,false,false,false,false,false,#N/A,Click,false,false,false,List,#N/A,true,#N/A,false,#N/A,#N/A,#N/A,List,#N/A,#N/A,Fixed Price,#N/A,1.0,Renewable,#N/A,false,#N/A,#N/A,#N/A,#N/A,#N/A,#N/A
b5462bbf-7d02-4fe9-9448-d6058a02e0f4,NEWBB,#N/A,#N/A,false,#N/A,false,#N/A,#N/A,#N/A,#N/A,#N/A,Default,One per quote line,#N/A,#N/A,#N/A,Quantity,#N/A,false,#N/A,#N/A,#N/A,#N/A,#N/A,#N/A,#N/A,#N/A,#N/A,false,#N/A,false,#N/A,#N/A,1.0,false,#N/A,#N/A,#N/A,false,false,false,false,#N/A,false,false,false,false,false,false,false,false,#N/A,Click,false,false,false,List,#N/A,true,#N/A,false,#N/A,#N/A,#N/A,List,#N/A,#N/A,#N/A,#N/A,#N/A,Renewable,#N/A,false,#N/A,#N/A,#N/A,#N/A,#N/A,#N/A
b77563e8-e61c-45cd-a359-1c527c550f88,Uptime Espresso,COF-R-6,1 24-count Box of K-Cups Pods- Recurring,false,BEV,false,#N/A,#N/A,#N/A,#N/A,#N/A,Default,One per quote line,#N/A,#N/A,#N/A,Quantity,#N/A,false,#N/A,#N/A,#N/A,#N/A,#N/A,#N/A,#N/A,#N/A,#N/A,false,#N/A,false,#N/A,#N/A,1.0,false,#N/A,#N/A,#N/A,false,false,false,false,#N/A,false,false,false,false,false,false,false,false,#N/A,Click,false,false,false,List,#N/A,true,#N/A,false,#N/A,#N/A,#N/A,List,#N/A,#N/A,Fixed Price,#N/A,1.0,Renewable,#N/A,false,#N/A,#N/A,#N/A,#N/A,#N/A,#N/A
b9fbb137-f039-40ac-b1bd-eb18b0215cef,Dr. Prod Syrup,POP-R-2,6 Gallon Bag in Box Syrup- Recurring,false,BEV,false,#N/A,#N/A,#N/A,#N/A,#N/A,Default,One per quote line,#N/A,#N/A,#N/A,Quantity,#N/A,false,#N/A,#N/A,#N/A,#N/A,#N/A,#N/A,#N/A,#N/A,#N/A,false,#N/A,false,#N/A,#N/A,1.0,false,#N/A,#N/A,#N/A,false,false,false,false,#N/A,false,false,false,false,false,false,false,false,#N/A,Click,false,false,false,List,#N/A,true,#N/A,false,#N/A,#N/A,#N/A,List,#N/A,#N/A,Fixed Price,#N/A,1.0,Renewable,#N/A,false,#N/A,#N/A,#N/A,#N/A,#N/A,#N/A
bf7ef301-345a-467a-9521-604e0964f98f,Best Sellers Varieties Curated Collection,COF-OT-1,8 24-count Boxes of our best selling blends.- One time,false,BEV,false,#N/A,#N/A,#N/A,#N/A,#N/A,Default,One per quote line,#N/A,#N/A,#N/A,Quantity,#N/A,false,#N/A,#N/A,#N/A,#N/A,#N/A,#N/A,#N/A,#N/A,#N/A,false,#N/A,false,#N/A,#N/A,1.0,false,#N/A,#N/A,#N/A,false,false,false,false,#N/A,false,false,false,false,false,false,false,false,#N/A,Click,false,false,false,List,#N/A,true,#N/A,false,#N/A,#N/A,#N/A,List,#N/A,#N/A,#N/A,#N/A,#N/A,One-time,#N/A,false,#N/A,#N/A,#N/A,#N/A,#N/A,#N/A
c1ecafa0-29d6-4920-9f49-eed590d856ff,Go-Live Grape Syrup,POP-R-5,9 Gallon Bag in Box Syrup- Recurring,false,BEV,false,#N/A,#N/A,#N/A,#N/A,#N/A,Default,One per quote line,#N/A,#N/A,#N/A,Quantity,#N/A,false,#N/A,#N/A,#N/A,#N/A,#N/A,#N/A,#N/A,#N/A,#N/A,false,#N/A,false,#N/A,#N/A,1.0,false,#N/A,#N/A,#N/A,false,false,false,false,#N/A,false,false,false,false,false,false,false,false,#N/A,Click,false,false,false,List,#N/A,true,#N/A,false,#N/A,#N/A,#N/A,List,#N/A,#N/A,Fixed Price,#N/A,1.0,Renewable,#N/A,false,#N/A,#N/A,#N/A,#N/A,#N/A,#N/A
c5a1577f-ea68-4079-8b53-3848c125e26c,Prodly Cola Syrup,POP-R-1,5 Gallon Bag in Box Syrup- Recurring,false,BEV,false,#N/A,#N/A,#N/A,#N/A,#N/A,Default,One per quote line,#N/A,#N/A,#N/A,Quantity,#N/A,false,#N/A,#N/A,#N/A,#N/A,#N/A,#N/A,#N/A,#N/A,#N/A,false,#N/A,false,#N/A,#N/A,1.0,false,#N/A,#N/A,#N/A,false,false,false,false,#N/A,false,false,false,false,false,false,false,false,#N/A,Click,false,false,false,List,#N/A,true,#N/A,false,#N/A,#N/A,#N/A,List,#N/A,#N/A,Fixed Price,#N/A,1.0,Renewable,#N/A,false,#N/A,#N/A,#N/A,#N/A,#N/A,#N/A
c6d6859a-48a7-4e51-a9aa-f2f9fe599c87,Deployment Dark Roast,COF-R-4,1 24-count Box of K-Cups Pods- Recurring,false,BEV,false,#N/A,#N/A,#N/A,#N/A,#N/A,Default,One per quote line,#N/A,#N/A,#N/A,Quantity,#N/A,false,#N/A,#N/A,#N/A,#N/A,#N/A,#N/A,#N/A,#N/A,#N/A,false,#N/A,false,#N/A,#N/A,1.0,false,#N/A,#N/A,#N/A,false,false,false,false,#N/A,false,false,false,false,false,false,false,false,#N/A,Click,false,false,false,List,#N/A,true,#N/A,false,#N/A,#N/A,#N/A,List,#N/A,#N/A,Fixed Price,#N/A,1.0,Renewable,#N/A,false,#N/A,#N/A,#N/A,#N/A,#N/A,#N/A
c8abceda-6155-4212-b029-ac48a9e7f57e,Remote Implementation Support,IS1,Remote Implementation Support,true,Implementation Services,false,#N/A,#N/A,#N/A,#N/A,#N/A,Default,One per quote line,#N/A,#N/A,#N/A,Quantity,#N/A,false,#N/A,#N/A,#N/A,#N/A,#N/A,#N/A,#N/A,#N/A,#N/A,false,#N/A,false,#N/A,#N/A,1.0,false,#N/A,#N/A,#N/A,false,false,false,false,#N/A,false,false,false,false,false,false,false,false,#N/A,Click,false,false,false,List,015Hs000004ePeO,true,#N/A,false,#N/A,#N/A,#N/A,List,#N/A,#N/A,#N/A,#N/A,#N/A,Renewable,#N/A,false,#N/A,#N/A,#N/A,#N/A,#N/A,#N/A
cae0367f-b44e-4f95-b21b-6c939283dbc0,Declarative Decaf,COF-OT-2,1 24-count Box of K-Cups Pods- One time,false,BEV,false,#N/A,#N/A,#N/A,#N/A,#N/A,Default,One per quote line,#N/A,#N/A,#N/A,Quantity,#N/A,false,#N/A,#N/A,#N/A,#N/A,#N/A,#N/A,#N/A,#N/A,#N/A,false,#N/A,false,#N/A,#N/A,1.0,false,#N/A,#N/A,#N/A,false,false,false,false,#N/A,false,false,false,false,false,false,false,false,#N/A,Click,false,false,false,List,#N/A,true,#N/A,false,#N/A,#N/A,#N/A,List,#N/A,#N/A,#N/A,#N/A,#N/A,One-time,#N/A,false,#N/A,#N/A,#N/A,#N/A,#N/A,#N/A
cb0a6038-adfc-4dcf-9dde-ff82cf4a608e,10 Valve Push Button Countertop Ice/Beverage Dispenser,EQP-OT-1,"10 Flomatic valves to dispense an assortment of beverages. 
Ice dispenser holds 200lb of ice.",false,EQP,false,#N/A,#N/A,#N/A,#N/A,#N/A,Default,One per quote line,#N/A,#N/A,#N/A,Quantity,#N/A,false,#N/A,#N/A,#N/A,#N/A,#N/A,#N/A,#N/A,#N/A,#N/A,false,#N/A,false,#N/A,#N/A,1.0,false,#N/A,#N/A,#N/A,false,false,false,false,#N/A,false,false,false,false,false,false,false,false,#N/A,Click,false,false,false,List,#N/A,true,#N/A,false,#N/A,#N/A,#N/A,List,#N/A,#N/A,#N/A,#N/A,#N/A,One-time,#N/A,false,#N/A,#N/A,#N/A,#N/A,#N/A,#N/A
cb1283df-9b77-42fb-9b62-70ea9d0de17f,Org-to-Org Orange Syrup,POP-OT-6,10 Gallon Bag in Box Syrup- One time,false,BEV,false,#N/A,#N/A,#N/A,#N/A,#N/A,Default,One per quote line,#N/A,#N/A,#N/A,Quantity,#N/A,false,#N/A,#N/A,#N/A,#N/A,#N/A,#N/A,#N/A,#N/A,#N/A,false,#N/A,false,#N/A,#N/A,1.0,false,#N/A,#N/A,#N/A,false,false,false,false,#N/A,false,false,false,false,false,false,false,false,#N/A,Click,false,false,false,List,#N/A,true,#N/A,false,#N/A,#N/A,#N/A,List,#N/A,#N/A,#N/A,#N/A,#N/A,One-time,#N/A,false,#N/A,#N/A,#N/A,#N/A,#N/A,#N/A
d56db577-e8a0-4bb2-be55-0ea689a3ebc9,Pumpkin Sandbox Latte,COF-R-3,1 24-count Box of K-Cups Pods- Recurring,false,BEV,false,#N/A,#N/A,#N/A,#N/A,#N/A,Default,One per quote line,#N/A,#N/A,#N/A,Quantity,#N/A,false,#N/A,#N/A,#N/A,#N/A,#N/A,#N/A,#N/A,#N/A,#N/A,false,#N/A,false,#N/A,#N/A,1.0,false,#N/A,#N/A,#N/A,false,false,false,false,#N/A,false,false,false,false,false,false,false,false,#N/A,Click,false,false,false,List,#N/A,true,#N/A,false,#N/A,#N/A,#N/A,List,#N/A,#N/A,Fixed Price,#N/A,1.0,Renewable,#N/A,false,#N/A,#N/A,#N/A,#N/A,#N/A,#N/A
d6ac39d0-415b-41bc-af7f-57ef547bee69,Release Root Beer Syrup,POP-OT-7,11 Gallon Bag in Box Syrup- One time,false,BEV,false,#N/A,#N/A,#N/A,#N/A,#N/A,Default,One per quote line,#N/A,#N/A,#N/A,Quantity,#N/A,false,#N/A,#N/A,#N/A,#N/A,#N/A,#N/A,#N/A,#N/A,#N/A,false,#N/A,false,#N/A,#N/A,1.0,false,#N/A,#N/A,#N/A,false,false,false,false,#N/A,false,false,false,false,false,false,false,false,#N/A,Click,false,false,false,List,#N/A,true,#N/A,false,#N/A,#N/A,#N/A,List,#N/A,#N/A,#N/A,#N/A,#N/A,One-time,#N/A,false,#N/A,#N/A,#N/A,#N/A,#N/A,#N/A
d6e7f007-3698-4fe9-ba0e-579ccb72405b,Pumpkin Sandbox Latte,COF-OT-3,1 24-count Box of K-Cups Pods- One time,false,BEV,false,#N/A,#N/A,#N/A,#N/A,#N/A,Default,One per quote line,#N/A,#N/A,#N/A,Quantity,#N/A,false,#N/A,#N/A,#N/A,#N/A,#N/A,#N/A,#N/A,#N/A,#N/A,false,#N/A,false,#N/A,#N/A,1.0,false,#N/A,#N/A,#N/A,false,false,false,false,#N/A,false,false,false,false,false,false,false,false,#N/A,Click,false,false,false,List,#N/A,true,#N/A,false,#N/A,#N/A,#N/A,List,#N/A,#N/A,#N/A,#N/A,#N/A,One-time,#N/A,false,#N/A,#N/A,#N/A,#N/A,#N/A,#N/A
d948a1f2-ed8b-415d-ab87-12058d51f46e,Pumpkin Sandbox Latte,COF-OT-3,1 24-count Box of K-Cups Pods- One time,false,BEV,false,#N/A,#N/A,#N/A,#N/A,#N/A,Default,One per quote line,#N/A,#N/A,#N/A,Quantity,#N/A,false,#N/A,#N/A,#N/A,#N/A,#N/A,#N/A,#N/A,#N/A,#N/A,false,#N/A,false,#N/A,#N/A,1.0,false,#N/A,#N/A,#N/A,false,false,false,false,#N/A,false,false,false,false,false,false,false,false,#N/A,Click,false,false,false,List,#N/A,true,#N/A,false,#N/A,#N/A,#N/A,List,#N/A,#N/A,#N/A,#N/A,#N/A,One-time,#N/A,false,#N/A,#N/A,#N/A,#N/A,#N/A,#N/A
d9fbd226-828e-477c-bcd0-7a42b626073a,Security Certification Training: Bastion,SC3,Security Certification Training: Bastion,true,Training,false,#N/A,#N/A,#N/A,#N/A,#N/A,Default,One per quote line,#N/A,#N/A,#N/A,Quantity,#N/A,false,#N/A,#N/A,#N/A,#N/A,#N/A,#N/A,#N/A,#N/A,#N/A,false,#N/A,false,#N/A,#N/A,5.0,false,#N/A,#N/A,#N/A,false,false,false,false,#N/A,false,false,false,false,false,false,false,false,#N/A,Click,false,false,false,List,015Hs000004ePeV,true,#N/A,false,#N/A,#N/A,#N/A,List,#N/A,#N/A,#N/A,#N/A,#N/A,Renewable,#N/A,false,#N/A,#N/A,#N/A,#N/A,#N/A,#N/A
dd0ec9ad-a0fd-4653-b695-c6446455aaf2,Deploy Dew Syrup,POP-OT-3,7 Gallon Bag in Box Syrup- One time,false,BEV,false,#N/A,#N/A,#N/A,#N/A,#N/A,Default,One per quote line,#N/A,#N/A,#N/A,Quantity,#N/A,false,#N/A,#N/A,#N/A,#N/A,#N/A,#N/A,#N/A,#N/A,#N/A,false,#N/A,false,#N/A,#N/A,1.0,false,#N/A,#N/A,#N/A,false,false,false,false,#N/A,false,false,false,false,false,false,false,false,#N/A,Click,false,false,false,List,#N/A,true,#N/A,false,#N/A,#N/A,#N/A,List,#N/A,#N/A,#N/A,#N/A,#N/A,One-time,#N/A,false,#N/A,#N/A,#N/A,#N/A,#N/A,#N/A
e22b4d42-bd0a-4b9a-a431-576c5902c217,Personal Security Firewall,N1,Personal Security Firewall,true,Network,false,#N/A,#N/A,#N/A,#N/A,#N/A,#N/A,#N/A,#N/A,#N/A,#N/A,#N/A,#N/A,false,#N/A,#N/A,#N/A,#N/A,#N/A,#N/A,#N/A,#N/A,#N/A,false,#N/A,false,#N/A,#N/A,5.0,false,#N/A,#N/A,#N/A,false,false,false,false,#N/A,false,false,false,false,false,false,false,false,#N/A,#N/A,false,false,false,#N/A,015Hs000004ePeT,true,#N/A,false,#N/A,#N/A,#N/A,#N/A,#N/A,#N/A,#N/A,#N/A,#N/A,#N/A,#N/A,false,#N/A,#N/A,#N/A,#N/A,#N/A,#N/A
e269631f-476f-46ed-acf1-cf805ea4c28e,Prodly Cola Syrup,POP-OT-1,5 Gallon Bag in Box Syrup- One time,true,#N/A,false,#N/A,#N/A,#N/A,#N/A,#N/A,Default,One per quote line,#N/A,#N/A,#N/A,Quantity,#N/A,false,#N/A,#N/A,#N/A,#N/A,#N/A,#N/A,#N/A,#N/A,#N/A,false,#N/A,false,#N/A,#N/A,1.0,false,#N/A,#N/A,#N/A,false,false,false,false,#N/A,false,false,false,false,false,false,false,false,#N/A,Click,false,false,false,List,#N/A,true,#N/A,false,#N/A,#N/A,#N/A,List,#N/A,#N/A,#N/A,#N/A,#N/A,One-time,#N/A,false,#N/A,#N/A,#N/A,#N/A,#N/A,#N/A
e54dd6a9-7504-4808-bc4c-41b95db59976,Deploy Dew Syrup,POP-OT-3,7 Gallon Bag in Box Syrup- One time,false,BEV,false,#N/A,#N/A,#N/A,#N/A,#N/A,Default,One per quote line,#N/A,#N/A,#N/A,Quantity,#N/A,false,#N/A,#N/A,#N/A,#N/A,#N/A,#N/A,#N/A,#N/A,#N/A,false,#N/A,false,#N/A,#N/A,1.0,false,#N/A,#N/A,#N/A,false,false,false,false,#N/A,false,false,false,false,false,false,false,false,#N/A,Click,false,false,false,List,#N/A,true,#N/A,false,#N/A,#N/A,#N/A,List,#N/A,#N/A,#N/A,#N/A,#N/A,One-time,#N/A,false,#N/A,#N/A,#N/A,#N/A,#N/A,#N/A
e908cf27-42a4-4ad6-97c1-fa91915c88c0,Low-Code Lemon-Lime Syrup,POP-OT-4,8 Gallon Bag in Box Syrup- One time,false,BEV,false,#N/A,#N/A,#N/A,#N/A,#N/A,Default,One per quote line,#N/A,#N/A,#N/A,Quantity,#N/A,false,#N/A,#N/A,#N/A,#N/A,#N/A,#N/A,#N/A,#N/A,#N/A,false,#N/A,false,#N/A,#N/A,1.0,false,#N/A,#N/A,#N/A,false,false,false,false,#N/A,false,false,false,false,false,false,false,false,#N/A,Click,false,false,false,List,#N/A,true,#N/A,false,#N/A,#N/A,#N/A,List,#N/A,#N/A,#N/A,#N/A,#N/A,One-time,#N/A,false,#N/A,#N/A,#N/A,#N/A,#N/A,#N/A
e945be2b-8654-4f31-ba4d-3aaf4a6e55ae,Deployment Dark Roast,COF-OT-4,1 24-count Box of K-Cups Pods- One time,false,BEV,false,#N/A,#N/A,#N/A,#N/A,#N/A,Default,One per quote line,#N/A,#N/A,#N/A,Quantity,#N/A,false,#N/A,#N/A,#N/A,#N/A,#N/A,#N/A,#N/A,#N/A,#N/A,false,#N/A,false,#N/A,#N/A,1.0,false,#N/A,#N/A,#N/A,false,false,false,false,#N/A,false,false,false,false,false,false,false,false,#N/A,Click,false,false,false,List,#N/A,true,#N/A,false,#N/A,#N/A,#N/A,List,#N/A,#N/A,#N/A,#N/A,#N/A,One-time,#N/A,false,#N/A,#N/A,#N/A,#N/A,#N/A,#N/A
ea75bb66-282b-43db-a68b-4aea67267ca0,Change Management Mocha,COF-OT-5,1 24-count Box of K-Cups Pods- One time,false,BEV,false,#N/A,#N/A,#N/A,#N/A,#N/A,Default,One per quote line,#N/A,#N/A,#N/A,Quantity,#N/A,false,#N/A,#N/A,#N/A,#N/A,#N/A,#N/A,#N/A,#N/A,#N/A,false,#N/A,false,#N/A,#N/A,1.0,false,#N/A,#N/A,#N/A,false,false,false,false,#N/A,false,false,false,false,false,false,false,false,#N/A,Click,false,false,false,List,#N/A,true,#N/A,false,#N/A,#N/A,#N/A,List,#N/A,#N/A,#N/A,#N/A,#N/A,One-time,#N/A,false,#N/A,#N/A,#N/A,#N/A,#N/A,#N/A
f03509e6-4821-42e0-8f99-b367882152a3,Secure Endpoint Compliance Manager,SM3,Secure Endpoint Compliance Manager,true,Security Management,false,#N/A,#N/A,#N/A,#N/A,#N/A,#N/A,#N/A,#N/A,#N/A,#N/A,#N/A,#N/A,false,#N/A,#N/A,#N/A,#N/A,#N/A,#N/A,#N/A,#N/A,#N/A,false,#N/A,false,#N/A,#N/A,5.0,false,#N/A,#N/A,#N/A,false,false,false,false,#N/A,false,false,false,false,false,false,false,false,#N/A,#N/A,false,false,false,#N/A,015Hs000004ePeX,true,#N/A,false,#N/A,#N/A,#N/A,#N/A,#N/A,#N/A,#N/A,#N/A,#N/A,#N/A,#N/A,false,#N/A,#N/A,#N/A,#N/A,#N/A,#N/A
f1ba8898-8b88-48f8-b50f-7be8c6f0b9d3,Monthly Maintance Plan,SRV-R-2,Regular cleaning & preventative maintenance to keep your equipment operating optimally.- Recurring,false,SRV,false,#N/A,#N/A,#N/A,#N/A,#N/A,Default,One per quote line,#N/A,#N/A,#N/A,Quantity,#N/A,true,#N/A,#N/A,#N/A,#N/A,#N/A,#N/A,#N/A,#N/A,#N/A,false,#N/A,false,#N/A,#N/A,1.0,false,#N/A,#N/A,#N/A,false,false,false,false,#N/A,false,false,false,false,false,false,false,false,#N/A,Click,false,false,false,List,#N/A,true,#N/A,false,#N/A,#N/A,#N/A,List,#N/A,#N/A,Fixed Price,#N/A,1.0,Renewable,#N/A,false,#N/A,#N/A,#N/A,#N/A,#N/A,#N/A
f4cb4fe5-2455-4a4b-9572-80fa1c77a7bc,Uptime Espresso,COF-OT-6,1 24-count Box of K-Cups Pods- One time,false,BEV,false,#N/A,#N/A,#N/A,#N/A,#N/A,Default,One per quote line,#N/A,#N/A,#N/A,Quantity,#N/A,false,#N/A,#N/A,#N/A,#N/A,#N/A,#N/A,#N/A,#N/A,#N/A,false,#N/A,false,#N/A,#N/A,1.0,false,#N/A,#N/A,#N/A,false,false,false,false,#N/A,false,false,false,false,false,false,false,false,#N/A,Click,false,false,false,List,#N/A,true,#N/A,false,#N/A,#N/A,#N/A,List,#N/A,#N/A,#N/A,#N/A,#N/A,Renewable,#N/A,false,#N/A,#N/A,#N/A,#N/A,#N/A,#N/A
f54200da-7918-45f3-8fcb-2758c768058f,Prodly Cola Syrup,POP-R-1,5 Gallon Bag in Box Syrup- Recurring,false,BEV,false,#N/A,#N/A,#N/A,#N/A,#N/A,Default,One per quote line,#N/A,#N/A,#N/A,Quantity,#N/A,false,#N/A,#N/A,#N/A,#N/A,#N/A,#N/A,#N/A,#N/A,#N/A,false,#N/A,false,#N/A,#N/A,1.0,false,#N/A,#N/A,#N/A,false,false,false,false,#N/A,false,false,false,false,false,false,false,false,#N/A,Click,false,false,false,List,#N/A,true,#N/A,false,#N/A,#N/A,#N/A,List,#N/A,#N/A,Fixed Price,#N/A,1.0,Renewable,#N/A,false,#N/A,#N/A,#N/A,#N/A,#N/A,#N/A
f77d541a-58ca-49e0-aa07-4a3615652d5f,Dr. Prod Syrup,POP-OT-2,6 Gallon Bag in Box Syrup- One time,false,BEV,false,#N/A,#N/A,#N/A,#N/A,#N/A,Default,One per quote line,#N/A,#N/A,#N/A,Quantity,#N/A,false,#N/A,#N/A,#N/A,#N/A,#N/A,#N/A,#N/A,#N/A,#N/A,false,#N/A,false,#N/A,#N/A,1.0,false,#N/A,#N/A,#N/A,false,false,false,false,#N/A,false,false,false,false,false,false,false,false,#N/A,Click,false,false,false,List,#N/A,true,#N/A,false,#N/A,#N/A,#N/A,List,#N/A,#N/A,#N/A,#N/A,#N/A,One-time,#N/A,false,#N/A,#N/A,#N/A,#N/A,#N/A,#N/A
f7dac149-17cd-40aa-9ccf-e68422866710,Low-Code Lemon-Lime Syrup,POP-OT-4,8 Gallon Bag in Box Syrup- One time,false,BEV,false,#N/A,#N/A,#N/A,#N/A,#N/A,Default,One per quote line,#N/A,#N/A,#N/A,Quantity,#N/A,false,#N/A,#N/A,#N/A,#N/A,#N/A,#N/A,#N/A,#N/A,#N/A,false,#N/A,false,#N/A,#N/A,1.0,false,#N/A,#N/A,#N/A,false,false,false,false,#N/A,false,false,false,false,false,false,false,false,#N/A,Click,false,false,false,List,#N/A,true,#N/A,false,#N/A,#N/A,#N/A,List,#N/A,#N/A,#N/A,#N/A,#N/A,One-time,#N/A,false,#N/A,#N/A,#N/A,#N/A,#N/A,#N/A
fb947601-6802-4b77-902f-c742e0840ba6,Version Control Cappuccino,COF-R-7,1 24-count Box of K-Cups Pods- Recurring,false,BEV,false,#N/A,#N/A,#N/A,#N/A,#N/A,Default,One per quote line,#N/A,#N/A,#N/A,Quantity,#N/A,false,#N/A,#N/A,#N/A,#N/A,#N/A,#N/A,#N/A,#N/A,#N/A,false,#N/A,false,#N/A,#N/A,1.0,false,#N/A,#N/A,#N/A,false,false,false,false,#N/A,false,false,false,false,false,false,false,false,#N/A,Click,false,false,false,List,#N/A,true,#N/A,false,#N/A,#N/A,#N/A,List,#N/A,#N/A,Fixed Price,#N/A,1.0,Renewable,#N/A,false,#N/A,#N/A,#N/A,#N/A,#N/A,#N/A
ffd2660d-b588-4075-8573-07a77e3f9cf0,Data Center Security Firewall,N4,Data Center Security Firewall,true,Network,false,#N/A,#N/A,#N/A,#N/A,#N/A,#N/A,#N/A,#N/A,#N/A,#N/A,#N/A,#N/A,false,#N/A,#N/A,#N/A,#N/A,#N/A,#N/A,#N/A,#N/A,#N/A,false,#N/A,false,#N/A,#N/A,100.0,false,#N/A,#N/A,#N/A,false,false,false,false,#N/A,false,false,false,false,false,false,false,false,#N/A,#N/A,false,false,false,#N/A,015Hs000004ePeT,true,#N/A,false,#N/A,#N/A,#N/A,#N/A,#N/A,#N/A,#N/A,#N/A,#N/A,#N/A,#N/A,false,#N/A,#N/A,#N/A,#N/A,#N/A,#N/A
